year,cantons,costs_chf,cost_status_label,canton_code,canton_label,population,population_share_66_plus,premium_mean_monthly,premium_median_monthly,insurer_product_count,cost_per_capita,annual_premium_median,annual_premium_mean,premium_to_cost_ratio,cost_status_group,z_cost_per_capita,z_age_66_share,z_premium_median,belastungsindex,belastungsindex_rank_within_year,premium_cost_gap_z
2011,Aargau,4872582000.0,,AG,Aargau,618298,0.1476731284914394,324.9349206349207,321.0,63,7880.636845016481,3852.0,3899.219047619048,0.4887929840893391,,0.014206610535742238,-0.9082360534471505,-0.2837003220188437,-0.337002921797772,15.0,-0.29790693255458595
2011,Appenzell Innerrhoden,95846000.0,,AI,Appenzell Innerrhoden,15743,0.1603887442037731,263.7284482758621,259.0,58,6088.166169091024,3108.0,3164.741379310345,0.5104985497569018,,-1.7183999095694191,-0.1386375099122399,-1.3851572562538499,-1.161160526343373,25.0,0.33324265331556924
2011,Appenzell Ausserrhoden,392271000.0,,AR,Appenzell Ausserrhoden,53313,0.1678202314632453,283.8318965517241,277.0,58,7357.886444206853,3324.0,3405.9827586206893,0.45176016580374284,,-0.49108519981017673,0.3111450173813892,-1.0653794366372353,-0.3939896938594716,17.0,-0.5742942368270586
2011,Bern,8468264999.999999,,BE,Bern,985000,0.1789532994923857,400.1206989247312,392.55,186,8597.223350253806,4710.6,4801.448387096774,0.5479210912743049,,0.706860871422068,0.9849616169181997,0.9874165109572001,0.8604300049546906,5.0,0.2805556395351321
2011,Basel-Landschaft,2386084000.0,,BL,Basel-Landschaft,275360,0.1869262056943637,368.860593220339,371.5,118,8665.325392213828,4458.0,4426.327118644068,0.5144642351233235,,0.7726884710124993,1.467512925450674,0.613454116349992,0.9413272186783248,3.0,-0.15923435466250724
2011,Basel-Stadt,2068780000.0,,BS,Basel-Stadt,186255,0.1966604923357762,467.3364406779661,460.0,59,11107.245443075353,5520.0,5608.037288135593,0.4969729019035374,,3.1330543383725264,2.0566698322857806,2.185695062798348,2.5732991676529577,1.0,-0.9473592755741786
2011,Fribourg,2122161000.0,,FR,Fribourg,284714,0.1315144320265248,346.96535087719303,342.0,114,7453.658759316367,4104.0,4163.584210526316,0.550602077787689,,-0.3985114468149508,-1.886223242282905,0.08937380086720682,-0.7228536735347977,21.0,0.48788524768215763
2011,Genève,4135744000.0,,GE,Genève,460534,0.1507185137253709,467.13425925925924,460.0,54,8980.32284261314,5520.0,5605.611111111111,0.6146772334070967,,1.077165773602998,-0.7239174884984574,2.185695062798348,0.8139731172713989,6.0,1.1085292891953498
2011,Glarus,332088000.0,,GL,Glarus,39217,0.1680393706810821,302.18606557377046,295.0,61,8467.96032332917,3540.0,3626.2327868852453,0.41804636120546357,,0.5819149148347882,0.324408175587327,-0.7456016170206206,0.17278376009669766,10.0,-1.3275165318554087
2011,Graubünden,1512833000.0,,GR,Graubünden,193388,0.1716704242248743,302.9653439153439,299.0,189,7822.786315593522,3588.0,3635.5841269841267,0.4586601059072614,,-0.041711852073418196,0.5441736656759611,-0.6745398793280395,-0.024153203562259723,12.0,-0.6328280272546213
2011,Jura,614282000.0,,JU,Jura,70542,0.1733435400187122,386.9787037037037,386.5,54,8708.032094355136,4638.0,4643.7444444444445,0.5326117255592708,,0.8139688732952398,0.645437144160447,0.879935632697171,0.7799010444052847,7.0,0.0659667594019312
2011,Luzern,2692657000.0,,LU,Luzern,381966,0.1520423283747768,312.0554644808743,304.7,183,7049.467753674411,3656.3999999999996,3744.665573770492,0.5186774559106487,,-0.7892034570937497,-0.6437950745201275,-0.5732769031161117,-0.6915993038272535,20.0,0.21592655397763805
2011,Neuchâtel,1460755000.0,,NE,Neuchâtel,173183,0.1687001611012628,405.4009433962264,409.0,53,8434.748214316647,4908.0,4864.811320754717,0.5818786613771646,,0.5498120093901403,0.3644017831685636,1.2796579072179395,0.676650415980617,8.0,0.7298458978277992
2011,Nidwalden,264939000.00000003,,NW,Nidwalden,41311,0.1555275834523492,266.04249999999996,259.5,60,6413.279755997193,3114.0,3192.5099999999993,0.48555499190379664,,-1.4041443247980951,-0.4328538749566888,-1.3762745390422773,-1.1057897434067188,24.0,0.02786978575581789
2011,Obwalden,250177000.0,,OW,Obwalden,35885,0.1478054897589522,290.2313559322034,286.0,59,6971.631600947471,3432.0,3482.776271186441,0.49228074523237547,,-0.864440071854529,-0.9002250344762429,-0.9054905268289278,-0.8854381743846429,23.0,-0.04105045497439885
2011,St. Gallen,3522854000.0,,SG,St. Gallen,483156,0.153275546614344,312.8693548387097,307.0,186,7291.338615271258,3684.0,3754.432258064516,0.5052570171798206,,-0.55541049330661,-0.5691559078055317,-0.5324164039428774,-0.5537855953153533,18.0,0.022994089363732595
2011,Schaffhausen,698151000.0,,SH,Schaffhausen,77139,0.1841999507382776,340.89736842105265,340.3,114,9050.558083459728,4083.6000000000004,4090.7684210526318,0.4511986954111647,,1.1450553284316278,1.3025093667575958,0.05917256234786007,0.9208208484084763,4.0,-1.0858827660837678
2011,Solothurn,2045152000.0,,SO,Solothurn,256990,0.1687264095879217,334.3655737704918,330.0,61,7958.099536946963,3960.0,4012.3868852459013,0.49760624149207494,,0.08908223718126952,0.36599044372261774,-0.12381141221053633,0.11893128679572253,11.0,-0.21289364939180586
2011,Schwyz,1054055000.0,,SZ,Schwyz,147904,0.1430725335352661,308.49921875,301.0,64,7126.615913024664,3612.0,3701.9906250000004,0.5068324214580834,,-0.7146318584061743,-1.1866819626162008,-0.639009010481749,-0.8373411776880759,22.0,0.07562284792442531
2011,Thurgau,1836838000.0,,TG,Thurgau,251973,0.1460989867962043,328.48362068965514,325.5,58,7289.820734761264,3906.0,3941.8034482758617,0.5358156451467141,,-0.556877680303685,-1.0035092343435683,-0.20375586711469001,-0.6025866932184013,19.0,0.353121813188995
2011,Ticino,2865505000.0,,TI,Ticino,336943,0.1951071843012022,395.85648148148147,389.65,108,8504.420629008468,4675.799999999999,4750.277777777777,0.5498081767088173,,0.6171575350870633,1.962657585603167,0.9358967511300782,1.1004923542526481,2.0,0.3187392160430149
2011,Uri,251123000.0,,UR,Uri,35382,0.1735628285568933,293.23790322580646,286.0,62,7097.4789440958675,3432.0,3518.8548387096776,0.48355198050357795,,-0.7427957235227236,0.6587093398146767,-0.9054905268289278,-0.36301790534805456,16.0,-0.16269480330620423
2011,Vaud,6055364000.0,,VD,Vaud,725944,0.147708363179529,420.0777777777778,416.0,108,8341.365174173214,4992.0,5040.933333333333,0.5984631886704086,,0.45954773539513116,-0.9061035130142584,1.4040159481799563,0.2859694140685206,9.0,0.9444682127848252
2011,Valais,2394794000.0,,VS,Valais,317022,0.1622505693611169,310.0058333333333,306.0,120,7554.030950533402,3672.0,3720.0699999999997,0.4860980877687183,,-0.30149144237326647,-0.025952606418450524,-0.5501818383660226,-0.28100239058501075,14.0,-0.24869039599275616
2011,Zug,727521000.0,,ZG,Zug,115104,0.1437135112593828,300.0491935483871,289.0,62,6320.553586321935,3468.0,3600.590322580645,0.548686116277056,,-1.4937736661990542,-1.1478874964984451,-0.852194223559492,-1.229612954628981,26.0,0.6415794426395621
2011,Zürich,11113785000.0,,ZH,Zürich,1392396,0.1541637580113703,356.1924870466321,348.0,193,7981.770272250135,4176.0,4274.309844559585,0.5231922064355213,,0.11196242756473866,-0.5153978977361087,0.1959664074060784,-0.05524467506518059,13.0,0.08400397984133974
2012,Aargau,5061605000.0,,AG,Aargau,627340,0.150573851499984,347.602,342.75,50,8068.360059935601,4113.0,4171.224,0.5097690199057413,,-0.026007444467715076,-0.9080557912955822,-0.2830220659968148,-0.35487560389835016,16.0,-0.2570146215290997
2012,Appenzell Innerrhoden,103355000.0,,AI,Appenzell Innerrhoden,15717,0.1642807151492015,284.73333333333335,279.0,45,6576.000509002991,3348.0,3416.8,0.5091240481834454,,-1.5021647318335465,-0.06947732144676512,-1.4117734480702524,-1.0497606877766885,25.0,0.09039128376329408
2012,Appenzell Ausserrhoden,431081000.0,,AR,Appenzell Ausserrhoden,53438,0.169897825517422,302.53555555555556,299.0,45,8066.937385381189,3588.0,3630.4266666666667,0.4447784615884254,,-0.027414673315302625,0.27417443858392376,-1.0576553674197622,-0.19449811327164962,14.0,-1.0302406941044595
2012,Bern,8760738000.0,,BE,Bern,992567,0.1820310366957595,419.0969387755102,414.5,147,8826.344216561703,4974.0,5029.163265306122,0.5635402243509622,,0.7237474224557653,1.0164777053756446,0.9873765483368188,0.8774737888019926,4.0,0.26362912588105347
2012,Basel-Landschaft,2481314000.0,,BL,Basel-Landschaft,276537,0.1911932218835092,391.30326086956524,390.0,92,8972.810148370743,4680.0,4695.639130434783,0.5215757296335731,,0.8686232015236369,1.577015216497181,0.5535818995399683,1.002380480519783,3.0,-0.31504130198366864
2012,Basel-Stadt,2114846000.0,,BS,Basel-Stadt,187425,0.1955875683606776,502.66956521739127,494.5,46,11283.692143524077,5934.0,6032.034782608695,0.5258916961329572,,3.1544163907429037,1.845858946114333,2.4038488709387797,2.5742072774033016,1.0,-0.750567519804124
2012,Fribourg,2203076000.0,,FR,Fribourg,291445,0.1340733242978949,366.60340909090905,363.5,88,7559.148381341248,4362.0,4399.240909090909,0.5770491303976804,,-0.5296907087984203,-1.9175490792525687,0.08437544267806879,-0.7925316820655424,22.0,0.6140661514764891
2012,Genève,4285920000.0,,GE,Genève,463101,0.1534136181955988,491.6928571428571,488.0,42,9254.827780548952,5856.0,5900.314285714286,0.6327508343599506,,1.147579021952677,-0.7343204079664992,2.28876049472737,0.8683045611705974,5.0,1.1411814727746932
2012,Glarus,346738000.0,,GL,Glarus,39369,0.170260865147705,325.4446808510638,319.0,47,8807.386522390714,3828.0,3905.336170212766,0.43463517699242654,,0.7049955483617037,0.2963850058915354,-0.703537286769272,0.23027917683790933,10.0,-1.4085328351309756
2012,Graubünden,1558424000.0,,GR,Graubünden,193920,0.1755208333333333,317.94251700680275,316.4,147,8036.427392739274,3796.7999999999997,3815.310204081633,0.4724487405224765,,-0.05759342477482593,0.6181870012597058,-0.749572637253836,-0.02785410008421893,12.0,-0.6919792124790101
2012,Jura,639979000.0,,JU,Jura,70942,0.1770037495418792,406.85,403.9,42,9021.158129175947,4846.799999999999,4882.200000000001,0.5372702629305023,,0.916446277504505,0.7089110090926302,0.7996939655920586,0.824997619002831,6.0,-0.1167523119124464
2012,Luzern,2794850000.0,,LU,Luzern,386082,0.1539647017990996,329.5777777777778,327.0,144,7239.006221476267,3924.0,3954.9333333333334,0.5420633550995582,,-0.8463571461743211,-0.7006054125591534,-0.5618900545090758,-0.7315148531734595,20.0,0.2844670916652453
2012,Neuchâtel,1499248000.0,,NE,Neuchâtel,174554,0.1706348751675699,425.07560975609755,423.0,41,8589.021162505585,5076.0,5100.907317073171,0.5909870174914357,,0.4890009396219691,0.31926673567253705,1.137876732613277,0.6002996266849665,8.0,0.6488757929913079
2012,Nidwalden,280843000.0,,NW,Nidwalden,41584,0.1604222777991535,286.09787234042557,284.0,47,6753.631204309349,3408.0,3433.174468085107,0.5046174268185428,,-1.3264625391732865,-0.30553442187582647,-1.3232439279076298,-1.0193794511676344,24.0,0.003218611265656701
2012,Obwalden,256228000.0,,OW,Obwalden,36115,0.1514883012598643,306.43260869565216,313.0,46,7094.780562093313,3756.0,3677.191304347826,0.52940326584136,,-0.9890169750273899,-0.8521102518914748,-0.8097727109644189,-0.9031338920708726,23.0,0.179244264062971
2012,St. Gallen,3682996000.0,,SG,St. Gallen,487060,0.1558370631954995,333.2027777777778,330.0,144,7561.688498336961,3960.0,3998.4333333333334,0.523692558992733,,-0.5271781693694063,-0.5860553597550124,-0.5087723424115023,-0.5402398697456121,18.0,0.018405826957904048
2012,Schaffhausen,700860000.0,,SH,Schaffhausen,77955,0.1866846257456224,357.8636363636364,358.45,88,8990.571483548201,4301.4,4294.363636363636,0.4784345475558599,,0.8861917052660274,1.301181754719712,-0.005039372686180192,0.7878809506140808,7.0,-0.8912310779522076
2012,Solothurn,2132750000.0,,SO,Solothurn,259283,0.1710563361269346,356.1895833333333,355.6,48,8225.568201540402,4267.200000000001,4274.275,0.5187726726526786,,0.12949391826899503,0.3450514881476411,-0.055501199178874444,0.1479124098706215,11.0,-0.18499511744786948
2012,Schwyz,1127889000.0,,SZ,Schwyz,149830,0.1465794567176133,326.438,323.5,50,7527.791497029967,3882.0,3917.256,0.5156890970654028,,-0.5607071573856646,-1.1524306935558635,-0.6238607186229116,-0.754012608546036,21.0,-0.06315356123724702
2012,Thurgau,1889859000.0,,TG,Thurgau,256213,0.1484663151362343,344.26,341.0,45,7376.124552618329,4092.0,4131.12,0.5547628664360674,,-0.7107274826523452,-1.036993720809813,-0.3140073980537327,-0.7094273329499324,19.0,0.3967200845986125
2012,Ticino,2956136000.0,,TI,Ticino,341652,0.1981607015325535,405.6035714285714,397.5,84,8652.47678924754,4770.0,4867.242857142857,0.5512872344168197,,0.5517676407034642,2.0032818353477952,0.6863761797839021,1.020874033866873,2.0,0.1346085390804379
2012,Uri,258316000.0,,UR,Uri,35693,0.1757487462527666,315.26875,312.0,48,7237.161348163506,3744.0,3783.2250000000004,0.5173299060065966,,-0.8481819900487055,0.6321305898244077,-0.8274786149969435,-0.39891237232383103,17.0,0.020703375051762007
2012,Vaud,6217613000.0,,VD,Vaud,734356,0.1497339165200529,440.5452380952381,438.5,84,8466.755905854927,5262.0,5286.542857142857,0.6214895124543776,,0.3680630935889971,-0.9594425569531895,1.412318245117407,0.2308751863084436,9.0,1.04425515152841
2012,Valais,2452015000.0,,VS,Valais,321732,0.1657279972150734,327.3904255319149,328.5,94,7621.296607113995,3942.0,3928.685106382979,0.5172348227886044,,-0.46821721448267883,0.019066608900697442,-0.5353311984602891,-0.3388105634620685,15.0,-0.06711398397761026
2012,Zug,753736000.0,,ZG,Zug,116575,0.1464722281792837,320.48571428571427,316.0,49,6465.674458503109,3792.0,3845.828571428571,0.5864817389643059,,-1.6112929934042362,-1.1589908772636577,-0.7566549988668454,-1.261942859927715,26.0,0.8546379945373908
2012,Zürich,11531068000.0,,ZH,Zürich,1408575,0.1560108620414248,377.0850649350649,368.5,154,8186.3358358624855,4422.0,4525.020779220778,0.5401684085116834,,0.0906874909171776,-0.5754224408023348,0.17290496284069135,-0.08859112061779767,13.0,0.08221747192351375
2013,Aargau,5246952000.0,,AG,Aargau,636362,0.1530276792140322,355.49693877551016,356.6,49,8245.23148773811,4279.200000000001,4265.963265306122,0.5189908865947317,,-0.0994197309034117,-0.9117941237776228,-0.20568824656819001,-0.3696991776818696,16.0,-0.10626851566477831
2013,Appenzell Innerrhoden,106900000.0,,AI,Appenzell Innerrhoden,15778,0.1670680694638103,293.64204545454544,295.0,44,6775.256686525542,3540.0,3523.704545454545,0.522489429373246,,-1.5923922633811778,-0.04561515744535084,-1.2794506184834864,-1.050123720376007,25.0,0.3129416448976914
2013,Appenzell Ausserrhoden,446266000.0,,AR,Appenzell Ausserrhoden,53691,0.1715557542232404,312.78522727272724,309.6,44,8311.746847702594,3715.2000000000003,3753.4227272727267,0.44698185207925323,,-0.03186373924088177,0.2312388385616108,-1.024954991373692,-0.20120577893333655,14.0,-0.9930912521328101
2013,Bern,9081760000.0,,BE,Bern,1001232,0.1845456397718011,427.67118055555557,422.3,144,9070.585039231666,5067.6,5132.054166666667,0.5586850217578972,,0.7388464631472598,1.0326101278962967,0.9395420754258836,0.8771494656416268,4.0,0.20069561227862387
2013,Basel-Landschaft,2583332000.0,,BL,Basel-Landschaft,278656,0.194738315342214,400.53222222222223,397.55,90,9270.68500229674,4770.6,4806.386666666667,0.5145898063431259,,0.9420769867994603,1.6614160964397973,0.5081196938527737,1.0493893964548897,2.0,-0.4339572929466866
2013,Basel-Stadt,2139224000.0,,BS,Basel-Stadt,189335,0.1943644862281142,514.5544444444445,510.0,45,11298.618850186178,6120.0,6174.653333333334,0.5416591249911182,,3.0017378259399656,1.6383538517389427,2.4682589588182773,2.4593529168992365,1.0,-0.5334788671216883
2013,Fribourg,2326436000.0,,FR,Fribourg,297671,0.1360260152987694,376.57441860465116,371.95,86,7815.460693181398,4463.4,4518.893023255814,0.5710987714254766,,-0.5359142823780612,-1.960659818681208,0.061880786043819025,-0.8138891761635353,22.0,0.5977950684218802
2013,Genève,4459295000.0,,GE,Genève,469433,0.1549805829585904,505.58414634146345,499.9,41,9499.321521921127,5998.799999999999,6067.009756097561,0.6314977323545536,,1.174290520962733,-0.7913156957058263,2.2922037647217754,0.8640869669019259,5.0,1.1179132437590424
2013,Glarus,358488000.0,,GL,Glarus,39593,0.172227413936807,335.2402173913043,330.0,46,9054.327785214558,3960.0,4022.882608695652,0.43735991162884114,,0.7223348646620108,0.27267483186908525,-0.6693583617134319,0.23951354823027246,9.0,-1.3916932263754427
2013,Graubünden,1639588000.0,,GR,Graubünden,194959,0.1795351843208059,325.2347222222222,323.95,144,8409.911827615037,3887.3999999999996,3902.8166666666666,0.4622402802411337,,0.06783703014619502,0.7235053917608093,-0.7748171660979701,0.05387398956953801,12.0,-0.8426541962441652
2013,Jura,661263000.0,,JU,Jura,71738,0.1800440491789567,414.78902439024387,409.0,41,9217.750703950487,4908.0,4977.468292682926,0.5324509370704242,,0.8883145322378264,0.7548982539957348,0.7077070178532627,0.8031377701690581,6.0,-0.18060751438456368
2013,Luzern,2927461000.0,,LU,Luzern,390349,0.1555454221734909,337.8329787234042,334.0,141,7499.59907672365,4008.0,4053.9957446808503,0.5344285686470289,,-0.8567175485608888,-0.756469666599607,-0.5996335323682828,-0.7623721799243527,20.0,0.257084016192606
2013,Neuchâtel,1587030000.0,,NE,Neuchâtel,176402,0.1720728789923016,435.61875,439.05,40,8996.666704459132,5268.6,5227.424999999999,0.5856168926863388,,0.6637716772591916,0.2631412707562793,1.2315147983086954,0.6855183355706939,8.0,0.5677431210495038
2013,Nidwalden,292261000.0,,NW,Nidwalden,41888,0.1668258212375859,296.0585106382979,294.0,47,6977.201107715814,3528.0,3552.7021276595747,0.5056468841207002,,-1.387288425087151,-0.06055992140518408,-1.2968818258197736,-0.9666682241657165,24.0,0.09040659926737726
2013,Obwalden,270080000.0,,OW,Obwalden,36507,0.1546826635987618,314.55760869565216,320.25,46,7398.033253896513,3843.0,3774.691304347826,0.5194623852191943,,-0.9598723669933791,-0.809694920111701,-0.8393126332422328,-0.8846791994910891,23.0,0.12055973375114626
2013,St. Gallen,3867684000.0,,SG,St. Gallen,491699,0.1587088849072298,341.3897163120567,336.9,141,7865.958645431453,4042.7999999999997,4096.6765957446805,0.5139615121607659,,-0.4846262905066929,-0.5613095013909557,-0.5490830310930501,-0.5237454389185611,18.0,-0.0644567405863572
2013,Schaffhausen,718358000.0,,SH,Schaffhausen,78783,0.1887970755112143,367.23372093023255,368.5,86,9118.185395326404,4422.0,4406.804651162791,0.4849649144298525,,0.7871915260197538,1.294889462635671,0.0017431207336281328,0.7431388056829976,7.0,-0.7854484052861257
2013,Solothurn,2267861000.0,,SO,Solothurn,261437,0.1734528777487501,364.11170212765956,362.0,47,8674.59846922968,4344.0,4369.340425531915,0.5007724582767639,,0.3366646898574214,0.3482760764942666,-0.11155972695223915,0.22809200164605983,10.0,-0.4482244168096605
2013,Schwyz,1166222000.0,,SZ,Schwyz,151396,0.1495349943195328,335.7479591836735,329.0,49,7703.122935876773,3948.0,4028.975510204082,0.5125194071111675,,-0.6500095620234059,-1.127264644028273,-0.6867895690497192,-0.8023810883814444,21.0,-0.036780007026313344
2013,Thurgau,1987122000.0,,TG,Thurgau,260278,0.1506773526767533,351.3011363636364,349.0,44,7634.613759134464,4188.0,4215.613636363636,0.5485542729636127,,-0.7195905636940199,-1.0567903364459794,-0.3381654223239737,-0.7253942101770962,19.0,0.3814251413700462
2013,Ticino,3101013000.0,,TI,Ticino,346539,0.2003497441846372,412.84390243902436,405.55,82,8948.52527421156,4866.6,4954.126829268293,0.5438438011707787,,0.6148770751377604,2.007596049269387,0.6475693525430718,1.0408658367285764,3.0,0.03269227740531144
2013,Uri,268677000.0,,UR,Uri,35865,0.1774431897393001,323.85425531914893,322.0,47,7491.342534504392,3864.0,3886.251063829787,0.5157953974474927,,-0.8651032642455573,0.5944461795918279,-0.8088080204037301,-0.413164620133885,17.0,0.05629524384182716
2013,Vaud,6491435000.0,,VD,Vaud,749373,0.1510476091345698,455.54146341463417,452.0,82,8662.488507058568,5424.0,5466.49756097561,0.626148016886867,,0.32436526752997585,-1.0339484958558003,1.4572489333136154,0.20009205496015292,11.0,1.1328836657836394
2013,Valais,2543132000.0,,VS,Valais,327011,0.1689453871582301,335.9663043478261,338.3,92,7776.900471237971,4059.6000000000004,4031.5956521739135,0.522007452070911,,-0.5750777783511174,0.07020022026863515,-0.5246793408222473,-0.3688947693829741,15.0,0.05039843752887008
2013,Zug,800509000.0,,ZG,Zug,118118,0.1493506493506493,327.828125,325.0,48,6777.197378892294,3900.0,3933.9375,0.5754591141386293,,-1.590421208914693,-1.1386372434899292,-0.7565143983948682,-1.2464093166573078,26.0,0.8339068105198247
2013,Zürich,12014126000.0,,ZH,Zürich,1425538,0.1574465219446973,385.591059602649,377.0,151,8427.78375602755,4524.0,4627.092715231788,0.5367959277270773,,0.08598856458085367,-0.6391871263408633,0.14990838309206997,-0.11558418806785734,13.0,0.0639198185112163
2014,Aargau,5385673000.0,,AG,Aargau,645277,0.1556711303827658,366.4836734693878,363.8,49,8346.29624176904,4365.6,4397.804081632654,0.5230583570892625,,-0.12002686708338602,-0.9150078644366151,-0.2586384891570533,-0.39317407180777153,16.0,-0.13861162207366728
2014,Appenzell Innerrhoden,110661000.0,,AI,Appenzell Innerrhoden,15854,0.1703040242210168,303.2386363636364,301.5,44,6980.005046045162,3618.0,3638.8636363636365,0.5183377341610865,,-1.4924113763523568,-0.013956951000596183,-1.310465315008408,-1.0033885334108414,25.0,0.18194606134394875
2014,Appenzell Ausserrhoden,458979000.0,,AR,Appenzell Ausserrhoden,54064,0.1741269606392423,325.4556818181818,324.0,44,8489.549422906186,3888.0,3905.4681818181816,0.45797483544998785,,0.023865187049306676,0.2214483208291929,-0.9305920632964421,-0.15547418540316466,13.0,-0.9544572503457487
2014,Bern,9277219000.0,,BE,Bern,1009370,0.1874743651980938,435.4576388888889,433.7,144,9191.09840791781,5204.4,5225.491666666667,0.5662435292300418,,0.7285429032906257,1.0433425546488198,0.9215010794947871,0.8712223427491241,4.0,0.19295817620416145
2014,Basel-Landschaft,2635729000.0,,BL,Basel-Landschaft,281301,0.1974006491267361,412.4127777777778,410.9,90,9369.78183511612,4930.799999999999,4948.953333333334,0.5262449101557861,,0.908023213430609,1.654574160631515,0.5365628510933281,1.0391234070065605,3.0,-0.37146036233728086
2014,Basel-Stadt,2179299000.0,,BS,Basel-Stadt,190580,0.1934305803337181,527.6555555555556,523.0,45,11435.087627243152,6276.0,6331.866666666667,0.548837071003107,,2.9825397475995374,1.4101089063971357,2.429175807400501,2.372469510189058,1.0,-0.5533639401990365
2014,Fribourg,2373525000.0,,FR,Fribourg,303425,0.1381428689132405,387.66686046511626,383.9,86,7822.443766993491,4606.799999999999,4652.002325581395,0.5889208202989223,,-0.646215591547266,-1.9943470698353014,0.08071494903896902,-0.8689223998871178,22.0,0.7269305405862351
2014,Genève,4539584000.0,,GE,Genève,477385,0.1559286529740146,523.8219512195122,519.0,41,9509.27239020916,6228.0,6285.8634146341465,0.6549396993204664,,1.0481358611576503,-0.899150374548418,2.361642784873929,0.7923267213748997,6.0,1.3135069237162789
2014,Glarus,370860000.0,,GL,Glarus,39794,0.1755792330502085,346.2586956521739,340.0,46,9319.49540131678,4080.0,4155.104347826087,0.4377919430512862,,0.8575125148411844,0.3108750191243978,-0.6604599731901553,0.31402814411831353,9.0,-1.5179724880313397
2014,Graubünden,1683498000.0,,GR,Graubünden,195886,0.1839079872987349,336.04375000000005,333.65,144,8594.274220720215,4003.7999999999997,4032.5250000000005,0.46586830919906047,,0.12905703100329846,0.8237354079424601,-0.7676686464510882,0.1132791247214503,12.0,-0.8967256774543867
2014,Jura,685018000.0,,JU,Jura,72410,0.1835658058279243,425.8853658536585,420.0,41,9460.267918795746,5040.0,5110.624390243902,0.5327544677658106,,0.9989128421825094,0.8026648712295656,0.6902004773412792,0.8628603596863188,5.0,-0.3087123648412302
2014,Luzern,2986895000.0,,LU,Luzern,394604,0.1578493882474582,348.8382978723404,345.0,141,7569.348004581809,4140.0,4186.059574468085,0.5469427482385554,,-0.9004400971157044,-0.780877099847205,-0.5760436950319405,-0.7834720974142135,20.0,0.32439640208376386
2014,Neuchâtel,1623948000.0,,NE,Neuchâtel,177327,0.1735268740800893,447.0475,448.5,40,9157.928572636993,5382.0,5364.57,0.5876874838356894,,0.6952251389246772,0.18449674117294915,1.1713732628431026,0.6610436505787651,8.0,0.4761481239184254
2014,Nidwalden,297857000.0,,NW,Nidwalden,42080,0.1730038022813688,306.21702127659574,304.0,47,7078.350760456274,3648.0,3674.604255319149,0.5153742903473815,,-1.3936270649016107,0.15228750578591405,-1.2682571759293007,-0.8985102214522758,23.0,0.12536988897231005
2014,Obwalden,274925000.0,,OW,Obwalden,36834,0.1587935059998914,323.0239130434783,323.5,46,7463.892056252375,3882.0,3876.2869565217393,0.5201039847231063,,-1.0063663523316766,-0.7227410829646571,-0.9390336911122635,-0.9044456062167174,24.0,0.06733266121941306
2014,St. Gallen,3987814000.0,,SG,St. Gallen,495824,0.1615311078124496,351.8822695035461,349.9,141,8042.801477943786,4198.799999999999,4222.587234042554,0.5220568991432398,,-0.4248751408785997,-0.5541675498620279,-0.4933157424368906,-0.4807730139632009,18.0,-0.0684406015582909
2014,Schaffhausen,725168000.0,,SH,Schaffhausen,79417,0.1907652014052407,378.49883720930234,378.95,86,9131.14320611456,4547.4,4541.986046511628,0.49800993121593884,,0.6683203164347675,1.2459826477975078,-0.002857166337663299,0.6738246451504819,7.0,-0.6711774827724308
2014,Solothurn,2313054000.0,,SO,Solothurn,263719,0.176206492516656,375.2340425531915,374.0,47,8770.90387874973,4488.0,4502.808510638298,0.5116918463641575,,0.3064744126828703,0.349499827139232,-0.0864292817142956,0.22115611342048733,10.0,-0.3929036943971659
2014,Schwyz,1185912000.0,,SZ,Schwyz,152759,0.1534901380606052,346.0571428571428,342.0,49,7763.28726948985,4104.0,4152.685714285713,0.5286420375204905,,-0.7056359120841289,-1.0493070089395757,-0.6266934619268694,-0.7890016286014481,21.0,0.07894245015725954
2014,Thurgau,2044195000.0,,TG,Thurgau,263733,0.1533710229664092,360.46363636363634,357.5,44,7751.001960315925,4290.0,4325.563636363636,0.5534768307328802,,-0.7179760106331363,-1.056641768940962,-0.3650029996364039,-0.7313324853763009,19.0,0.3529730109967324
2014,Ticino,3216872000.0,,TI,Ticino,350363,0.2037315584122752,422.3054878048781,415.5,82,9181.540288215365,4986.0,5067.665853658537,0.543046138609183,,0.7189421567891264,2.0444130850214295,0.614225826998886,1.090404352811257,2.0,-0.10471632979024048
2014,Uri,275071000.0,,UR,Uri,36008,0.1804876694067985,333.52553191489363,327.0,47,7639.163519217952,3924.0,4002.3063829787234,0.513668805508396,,-0.8303132229228858,0.6131222103865068,-0.8799422964015133,-0.40968986129972484,17.0,-0.04962907347862755
2014,Vaud,6683509000.0,,VD,Vaud,761446,0.1526359058948369,468.45975609756096,466.9,82,8777.390648844435,5602.799999999999,5621.517073170731,0.6383218229825081,,0.31299011213334216,-1.1019081336220997,1.4820251664653321,0.1807794019897071,11.0,1.16903505433199
2014,Valais,2630285000.0,,VS,Valais,331763,0.1728372362198316,346.10489130434786,346.5,92,7928.204772684115,4158.0,4153.2586956521745,0.5244566858724435,,-0.5399829184913445,0.14203085364625279,-0.5507188115844762,-0.33806276012334824,15.0,-0.010735893093131721
2014,Zug,821639000.0,,ZG,Zug,120089,0.1515709182356419,336.60833333333335,334.4,48,6841.917244710174,4012.7999999999997,4039.3,0.586502270705261,,-1.6311150143939857,-1.1674869667444505,-0.755006204727356,-1.2729993976824676,26.0,0.8761088096666296
2014,Zürich,12288367000.0,,ZH,Zürich,1446354,0.1584646635609263,395.18543046357615,390.0,151,8496.099156914559,4680.0,4742.225165562913,0.5508410287550819,,0.030444131216593714,-0.7429902410109942,0.18370280839199127,-0.16327151115783325,14.0,0.15325867717539754
2015,Aargau,5429330000.0,,AG,Aargau,653675,0.1579194553868512,382.4127659574468,380.0,47,8305.85535625502,4560.0,4588.953191489361,0.549010283036765,,-0.31662786929048875,-0.9051932618406611,-0.26838067765740786,-0.4811356891472702,18.0,0.04824719163308089
2015,Appenzell Innerrhoden,113584000.0,,AI,Appenzell Innerrhoden,15974,0.1718417428321021,316.12558139534883,314.0,43,7110.554651308376,3768.0,3793.506976744186,0.5299164671080434,,-1.4649169128908166,-0.05670083700368142,-1.3623028697241828,-1.0167985793330176,25.0,0.1026140431666338
2015,Appenzell Ausserrhoden,470579000.0,,AR,Appenzell Ausserrhoden,54543,0.1760445886731569,343.16744186046515,342.0,43,8627.669911812698,4104.0,4118.009302325581,0.47567883819719964,,-0.007470410678862257,0.1994411851256663,-0.8982146670291873,-0.16808299602508495,13.0,-0.8907442563503251
2015,Bern,9753575000.0,,BE,Bern,1017434,0.1895258070793781,448.88514492753626,445.35,138,9586.444919277319,5344.200000000001,5386.621739130435,0.5574746472754862,,0.9135955870180028,1.0210527012097905,0.8147680382753765,0.9211258340898826,5.0,-0.09882754874262634
2015,Basel-Landschaft,2761939000.0,,BL,Basel-Landschaft,283231,0.2001828895848265,432.55058139534884,431.45,86,9751.542027532298,5177.4,5190.606976744186,0.5309314142709162,,1.0721993590686112,1.670547535467086,0.584381394794646,1.1297493209196623,2.0,-0.4878179642739652
2015,Basel-Stadt,2249920000.0,,BS,Basel-Stadt,191817,0.191943362684225,549.4290697674419,543.0,43,11729.513025435701,6516.0,6593.148837209303,0.5555217838856493,,2.9723759556791443,1.1683903873049362,2.4332756451741724,2.296405207540639,1.0,-0.5391003105049719
2015,Fribourg,2457316000.0,,FR,Fribourg,307510,0.1401938148352899,407.38154761904764,399.0,84,7991.011674417092,4788.0,4888.578571428572,0.5991731954701797,,-0.6190886214720238,-1.985480663787196,0.0465363170284819,-0.862599999541449,24.0,0.6656249385005057
2015,Genève,4707433000.0,,GE,Genève,484736,0.1557672630050171,548.1575,538.8,40,9711.333591893319,6465.599999999999,6577.89,0.6657787974040204,,1.033572337505356,-1.036358412679507,2.3636624147699226,0.7451156317660388,6.0,1.3300900772645665
2015,Glarus,371238000.0,,GL,Glarus,40028,0.1791495952833016,362.1433333333334,357.0,45,9274.45787948436,4284.0,4345.72,0.46191379115284537,,0.6138791239916166,0.3886755044239096,-0.6495959870140112,0.23044926036989752,9.0,-1.263475111005628
2015,Graubünden,1716551000.0,,GR,Graubünden,196610,0.1881796449824525,350.2503546099291,349.0,141,8730.741060983673,4188.0,4203.004255319149,0.4796843670825976,,0.0915469084062203,0.9390109859862138,-0.7821926163554385,0.12735125048980367,11.0,-0.8737395247616587
2015,Jura,705939000.0,,JU,Jura,72782,0.1876975076255118,450.28625,447.9,40,9699.362479734,5374.799999999999,5403.4349999999995,0.5541395129040894,,1.022072054040811,0.9096271726793964,0.8570332138779556,0.9470788795916728,4.0,-0.16503884016285542
2015,Luzern,3077452000.0,,LU,Luzern,398762,0.1594359542784919,366.1025925925926,363.0,135,7717.515711125935,4356.0,4393.231111111111,0.5644303378249279,,-0.881827877641183,-0.8127703875902288,-0.5501485150079408,-0.7781907899675862,21.0,0.33167936263324216
2015,Neuchâtel,1677105000.0,,NE,Neuchâtel,178107,0.1748836373640564,472.4217948717949,465.2,39,9416.277855446446,5582.4,5669.0615384615385,0.5928457173522229,,0.750121262799854,0.12868712296094942,1.1437734248287923,0.6621040613554172,8.0,0.39365216202893827
2015,Nidwalden,308102000.0,,NW,Nidwalden,42420,0.1771098538425271,323.745652173913,322.5,46,7263.130598774163,3870.0,3884.9478260869564,0.5328280893989653,,-1.3183418392990018,0.2643636650132379,-1.2214189510489162,-0.8192994659428086,22.0,0.09692288825008566
2015,Obwalden,281749000.0,,OW,Obwalden,37076,0.1632322796418168,340.1511111111111,340.0,45,7599.228611500701,4080.0,4081.8133333333335,0.5368965994555438,,-0.9954626976800282,-0.5814037155785495,-0.9313638243645441,-0.8552202847207135,23.0,0.06409887331548403
2015,St. Gallen,4113433000.0,,SG,St. Gallen,499065,0.1639565988398305,371.18985507246373,369.35,138,8242.279061845651,4432.200000000001,4454.278260869565,0.5377396187077802,,-0.37770368226446877,-0.5372601540341242,-0.4448999404681825,-0.44236968834629387,16.0,-0.06719625820371372
2015,Schaffhausen,747845000.0,,SH,Schaffhausen,79836,0.1931960519064081,396.65,395.9,84,9367.265394057818,4750.799999999999,4759.799999999999,0.5071704280967312,,0.7030364813891736,1.2447354074661068,-0.00484487684132154,0.6885758196546298,7.0,-0.7078813582304951
2015,Solothurn,2366691000.0,,SO,Solothurn,266418,0.1777432455765001,393.81777777777774,394.2,45,8883.374997184876,4730.4,4725.813333333333,0.5325003167713909,,0.23817769001297556,0.3029656612975323,-0.033021660576374644,0.18981424375100503,10.0,-0.2711993505893502
2015,Schwyz,1217794000.0,,SZ,Schwyz,154093,0.1569182247084553,362.8244680851064,357.0,47,7902.980667518966,4284.0,4353.893617021276,0.5420739566790442,,-0.7036573331776991,-0.9662131660391707,-0.6495959870140112,-0.7689087464952186,20.0,0.05406134616368785
2015,Thurgau,2129535000.0,,TG,Thurgau,267429,0.1562246428023886,374.64767441860465,372.0,43,7962.992046487105,4464.0,4495.772093023255,0.5605933013545211,,-0.6460062260752923,-1.008483446380375,-0.4009773069988351,-0.6934921623977027,19.0,0.24502891907645724
2015,Ticino,3326189000.0,,TI,Ticino,351946,0.2063498377592016,439.745625,433.5,80,9450.850414552233,5202.0,5276.9475,0.5504266570540639,,0.7833340691389687,2.0463915791198724,0.618359281063387,1.1210076251143444,3.0,-0.16497478807558175
2015,Uri,273449000.0,,UR,Uri,35973,0.182970561254274,345.8826086956522,343.6,46,7601.506685569733,4123.200000000001,4150.591304347827,0.5424187822957847,,-0.9932742211877496,0.621543895820028,-0.8716953411609015,-0.4784340660787043,17.0,0.12157888002684802
2015,Vaud,6883186000.0,,VD,Vaud,773407,0.1533759068640444,489.20187500000003,481.65,80,8899.823766787733,5779.799999999999,5870.422500000001,0.649428589987253,,0.2539795228383902,-1.182099375052386,1.416425243912102,0.11376728373958528,12.0,1.1624457210737118
2015,Valais,2701055000.0,,VS,Valais,335696,0.1757870215909632,362.2061111111111,360.1,90,8046.13400219246,4321.200000000001,4346.473333333333,0.5370529497548181,,-0.5661342771967676,0.18374378489685175,-0.5982147931442078,-0.34919098755554184,15.0,-0.032080515947440214
2015,Zug,858042000.0,,ZG,Zug,122134,0.153438027085005,349.3195652173913,346.5,46,7025.414708434998,4158.0,4191.834782608696,0.5918511821099666,,-1.5467082672919858,-1.1783134643590785,-0.8236290630246345,-1.2554200253452759,26.0,0.7230792042673514
2015,Zürich,12646938000.0,,ZH,Zürich,1466424,0.1590072175578141,413.2641379310345,409.0,145,8624.339208850919,4908.0,4959.169655172414,0.5690870779946893,,-0.010670115742759745,-0.8388997044266395,0.21228210370526598,-0.2034009374859172,14.0,0.22295221944802573
2016,Aargau,5517190000.0,,AG,Aargau,663462,0.1601267291872029,397.75638297872337,392.0,47,8315.758852805437,4704.0,4773.07659574468,0.565672969029524,,-0.5055549407858656,-0.9107335768376054,-0.325922694307873,-0.5822004699818895,18.0,0.17963224647799259
2016,Appenzell Innerrhoden,118807000.0,,AI,Appenzell Innerrhoden,16003,0.1743423108167218,329.5906976744186,333.0,43,7424.04549147035,3996.0,3955.0883720930233,0.538251012145749,,-1.3329737068939602,-0.05096542894088008,-1.2789184780930083,-0.9348574163077982,25.0,0.05405522880095193
2016,Appenzell Ausserrhoden,486617000.0,,AR,Appenzell Ausserrhoden,54954,0.1779488299304873,364.57906976744187,363.7,43,8854.98780798486,4364.4,4374.948837209302,0.4928747610543815,,-0.0052056401133872615,0.16715932596591154,-0.7830376211065059,-0.14795414553787728,13.0,-0.7778319809931186
2016,Bern,10089827000.0,,BE,Bern,1026464,0.1916910870717336,461.9949275362319,457.45,138,9829.69397855161,5489.4,5543.939130434783,0.5584507525847568,,0.8992219617796651,0.9983004834768707,0.7312565268571625,0.8869541595582011,5.0,-0.1679654349225026
2016,Basel-Landschaft,2848719000.0,,BL,Basel-Landschaft,285624,0.2028085875136543,451.42151162790697,448.0,86,9973.66817914461,5376.0,5417.058139534884,0.5390193360594709,,1.0328152896038671,1.670694551711324,0.5786156767424249,1.1106291650207436,2.0,-0.4541996128614423
2016,Basel-Stadt,2341791000.0,,BS,Basel-Stadt,193070,0.1911431087170456,568.1651162790697,558.5,43,12129.232920702336,6702.0,6817.9813953488365,0.5525493692648064,,3.032958829065294,0.965158375937684,2.363463712475602,2.245244913979588,1.0,-0.6694951165896921
2016,Fribourg,2524787000.0,,FR,Fribourg,311963,0.1426355048515369,423.48511904761904,415.0,84,8093.225799213368,4980.0,5081.821428571428,0.6153294277893541,,-0.7120428466592692,-1.968614847083641,0.04558413665921359,-0.8996077009569601,24.0,0.7576269833184828
2016,Genève,4848628000.0,,GE,Genève,489524,0.1564090831093061,573.01125,564.3,40,9904.780970902346,6771.599999999999,6876.135,0.6836698378180384,,0.9688950083611299,-1.1355793669171084,2.4571480437629534,0.7096159546281143,7.0,1.4882530354018235
2016,Glarus,379121000.0,,GL,Glarus,40147,0.1820061274815054,376.2633333333333,368.0,45,9443.320796074426,4416.0,4515.16,0.467632106899908,,0.5407071791550324,0.41254747059596775,-0.7135819961865721,0.18868697275191187,9.0,-1.2542891753416046
2016,Graubünden,1769155000.0,,GR,Graubünden,197550,0.1928524424196405,366.1021276595745,364.4,141,8955.479625411288,4372.799999999999,4393.2255319148935,0.48828205555759663,,0.08804048491320529,1.0685400531647178,-0.7717308914683774,0.16724751129326337,11.0,-0.8597713763815826
2016,Jura,731084000.0,,JU,Jura,73122,0.1902437023057356,472.48625000000004,460.0,40,9998.140094636361,5520.0,5669.835000000001,0.5521026858746738,,1.0555227234031879,0.9107616579833014,0.7724453276817744,0.9413250548468686,4.0,-0.28307739572141344
2016,Luzern,3241601000.0,,LU,Luzern,403397,0.1616546479026864,384.6196296296296,381.2,135,8035.75881823613,4574.4,4615.435555555556,0.569255511952273,,-0.7653663254293446,-0.8183240027249161,-0.5003693801532878,-0.7150043922990019,20.0,0.2649969452760568
2016,Neuchâtel,1757304000.0,,NE,Neuchâtel,178567,0.1764659763562136,499.8038461538461,490.0,39,9841.14646043222,5880.0,5997.6461538461535,0.5974913617677988,,0.9098486932355463,0.07747532256868468,1.2570194550301483,0.7469293724841384,6.0,0.34717076179460205
2016,Nidwalden,318274000.0,,NW,Nidwalden,42556,0.1831234138546855,342.18152173913046,336.45,46,7478.945389604286,4037.3999999999996,4106.178260869566,0.5398354700666721,,-1.2820322183584172,0.4801217184019512,-1.2231924534479455,-0.7386760961026887,21.0,0.058839764910471715
2016,Obwalden,295414000.0,,OW,Obwalden,37378,0.1675584568462732,353.87,355.0,45,7903.419123548611,4260.0,4246.4400000000005,0.539007223760553,,-0.8881640221258734,-0.46125757989044447,-0.9235641180375341,-0.76894211343316,22.0,-0.03540009591166071
2016,St. Gallen,4230937000.0,,SG,St. Gallen,502552,0.1666195736958563,389.4217391304348,387.45,138,8418.903914420796,4649.4,4673.060869565217,0.5522571640277318,,-0.4098468766113581,-0.5180418781599695,-0.39941643695570994,-0.43969776716202946,16.0,0.01043043965564816
2016,Schaffhausen,774793000.0,,SH,Schaffhausen,80769,0.1952605578873082,412.4797619047619,413.5,84,9592.702645817084,4962.0,4949.757142857143,0.5172681967957893,,0.6793182521213018,1.214184531844285,0.0213554302917949,0.6752874305808201,8.0,-0.6579628218295069
2016,Solothurn,2450369000.0,,SO,Solothurn,269441,0.1798798252678694,412.60333333333335,412.0,45,9094.26924632851,4944.0,4951.24,0.5436390617086652,,0.21682305324435772,0.2839472512218683,-0.0028732760756237942,0.1820362303076155,10.0,-0.2196963293199815
2016,Schwyz,1249592000.0,,SZ,Schwyz,155863,0.1604229355267125,377.6627659574468,370.15,47,8017.245914681483,4441.799999999999,4531.953191489361,0.5540306543255719,,-0.782544405831022,-0.8928188138294832,-0.6788541837266057,-0.7897041727044564,23.0,0.10369022210441636
2016,Thurgau,2215335000.0,,TG,Thurgau,270709,0.159189387866676,388.5220930232558,383.0,43,8183.455297016353,4596.0,4662.26511627907,0.5616209575526953,,-0.6283191042820995,-0.9674246241756205,-0.4712949325123852,-0.6907947173077271,19.0,0.15702417176971428
2016,Ticino,3429360000.0,,TI,Ticino,354375,0.2087252204585538,458.808125,451.05,80,9677.20634920635,5412.6,5505.6975,0.5593143108335082,,0.7577290431015171,2.0285365789596415,0.627880713022843,1.1065092213392858,3.0,-0.12984833007867413
2016,Uri,277411000.0,,UR,Uri,36145,0.1851708396735371,357.17826086956524,354.2,46,7674.948125605201,4250.4,4286.139130434783,0.5538017886817753,,-1.100161732832805,0.6039514392045562,-0.9364860947668243,-0.5480088717051015,17.0,0.16367563806598073
2016,Vaud,7160869000.0,,VD,Vaud,784822,0.1542133120631175,508.23562499999997,500.075,80,9124.195040404065,6000.9,6098.827499999999,0.6576908947503438,,0.244591128370796,-1.2683811090327217,1.4197555994646436,0.08449057492320261,12.0,1.1751644710938476
2016,Valais,2858110000.0,,VS,Valais,339176,0.1791223435620444,376.75280898876406,373.6,89,8426.628063306365,4483.200000000001,4521.033707865168,0.5320277537253641,,-0.4026796567206931,0.23813423700580208,-0.623128159081542,-0.2655476141929568,15.0,-0.22044850236084884
2016,Zug,887204000.0,,ZG,Zug,123948,0.1555410333365605,362.954347826087,360.0,46,7157.872656275212,4320.0,4355.452173913043,0.6035312735289742,,-1.5799548652102524,-1.1880796138184315,-0.8428017634794718,-1.2781040143600109,26.0,0.7371531017307806
2016,Zürich,13133581000.0,,ZH,Zürich,1487969,0.1596545358135821,430.5211267605634,424.6,142,8826.515202937695,5095.200000000001,5166.2535211267605,0.5772606609575867,,-0.03162530450053535,-0.9392921566317678,0.2006478574106936,-0.24585706966209786,14.0,0.23227316191122896
2017,Aargau,5684226000.0,,AG,Aargau,670988,0.1625230257471072,417.8802325581395,415.0,43,8471.427208832349,4980.0,5014.562790697673,0.5878584419409081,,-0.49390298959550477,-0.8817807560860728,-0.31662854909594995,-0.5659477094177865,17.0,0.17727444049955482
2017,Appenzell Innerrhoden,118914000.0,,AI,Appenzell Innerrhoden,16105,0.1780813411983856,351.2153846153846,345.0,39,7383.669667805029,4140.0,4214.584615384615,0.5606968060951613,,-1.436867122492757,0.041389925744794547,-1.4319061944503686,-0.9921497760108944,25.0,0.004960928042388346
2017,Appenzell Ausserrhoden,480551000.0,,AR,Appenzell Ausserrhoden,55178,0.179636811772808,388.41282051282053,386.1,39,8709.10507811084,4633.200000000001,4660.953846153847,0.5319949591198438,,-0.2878628589048082,0.13368557531265243,-0.7770788912494168,-0.28370233672572215,14.0,-0.48921603234460853
2017,Bern,10241300000.0,,BE,Bern,1031080,0.1941187880668813,480.01349206349204,471.95,126,9932.59494898553,5663.4,5760.161904761904,0.5701833236014958,,0.7727660236201689,0.9929904256047563,0.5907294780888234,0.7933242078327087,5.0,-0.18203654553134552
2017,Basel-Landschaft,2939104000.0,,BL,Basel-Landschaft,287023,0.2050114450758301,480.17243589743583,479.5,78,10239.959863843664,5754.0,5762.06923076923,0.5619162649569392,,1.0392170290055303,1.6393188555296547,0.711020138409193,1.1371983543136832,3.0,-0.3281968905963373
2017,Basel-Stadt,2394818000.0,,BS,Basel-Stadt,193908,0.1894145677331518,590.8294871794872,580.0,39,12350.279513996327,6960.0,7089.953846153846,0.5635499983714838,,2.868628146820305,0.7138600591732894,2.3122401863823225,2.083100730416705,1.0,-0.5563879604379824
2017,Fribourg,2602363000.0,,FR,Fribourg,315120,0.1453033764914953,446.80064102564097,437.0,78,8258.323813150546,5244.0,5361.607692307692,0.6349956866125133,,-0.678639800095359,-1.9035286049436704,0.033887282301153045,-0.8679746709507243,24.0,0.712527082396512
2017,Genève,5005787000.0,,GE,Genève,495249,0.1555258062106132,596.3283783783784,582.0,37,10107.616572673543,6984.0,7155.9405405405405,0.6909640813722199,,0.9244901968797424,-1.2969688881595,2.3441052619638776,0.6129562376390034,8.0,1.4196150650841353
2017,Glarus,423990000.0,,GL,Glarus,40349,0.1849859971746511,395.84268292682924,393.1,41,10508.067114426627,4717.200000000001,4750.112195121951,0.4489122451001204,,1.2716360300548466,0.45108569167637314,-0.6655511267139749,0.5411741393490992,9.0,-1.9371871567688215
2017,Graubünden,1800844000.0,,GR,Graubünden,197888,0.1965000404269081,387.61317829457363,386.0,129,9100.319372574386,4632.0,4651.358139534884,0.5089931254456244,,0.05127618085530513,1.1342847946321362,-0.7786721450284948,0.16869168351740443,11.0,-0.8299483258838
2017,Jura,739879000.0,,JU,Jura,73290,0.1934779642516032,501.72972972972974,494.0,37,10095.224450811844,5928.0,6020.756756756757,0.5872083408232968,,0.9137476131647735,0.9549664017098614,0.9420419363754654,0.9331868305309728,4.0,0.02829432321069192
2017,Luzern,3323311000.0,,LU,Luzern,406506,0.1636433410576965,404.3239837398374,399.4,123,8175.306145542747,4792.799999999999,4851.887804878049,0.5862532747612245,,-0.7506068331871336,-0.8153055485109932,-0.5651761386320779,-0.7236587741455276,22.0,0.18543069455505568
2017,Neuchâtel,1806844000.0,,NE,Neuchâtel,177964,0.1780978175361309,528.5861111111111,515.1,36,10152.862376660449,6181.200000000001,6343.033333333333,0.60881353166073,,0.9637132486302791,0.04236756834357423,1.278218483760869,0.7659358533269152,6.0,0.3145052351305899
2017,Nidwalden,327803000.0,,NW,Nidwalden,42969,0.18571528311108,363.22261904761905,362.5,42,7628.825432288394,4350.0,4358.671428571429,0.5702057333215377,,-1.2243444929897793,0.4943587180712318,-1.153086783111764,-0.6909191022019722,20.0,0.07125770987801539
2017,Obwalden,306093000.0,,OW,Obwalden,37575,0.17208250166334,379.86829268292684,377.4,41,8146.187624750499,4528.799999999999,4558.419512195122,0.5559410375278101,,-0.7758493340887413,-0.3145581716635894,-0.9156919700291809,-0.6724226443463057,19.0,-0.13984263594043955
2017,St. Gallen,4319579000.0,,SG,St. Gallen,504686,0.1691784594777743,414.04523809523806,410.6,126,8558.943580761106,4927.200000000001,4968.5428571428565,0.5756785231153315,,-0.4180360829940808,-0.48687288098477116,-0.3867317153753702,-0.4308610304866103,16.0,0.03130436761871058
2017,Schaffhausen,795781000.0,,SH,Schaffhausen,81351,0.1980430480264532,431.9585526315789,434.0,76,9782.067829528833,5208.0,5183.502631578947,0.5324027691035599,,0.6422758460554601,1.2258409391391052,-0.013910331071179184,0.6532988296988939,7.0,-0.6561861771266393
2017,Solothurn,2496548000.0,,SO,Solothurn,271432,0.1819019128179433,443.78292682926826,444.0,41,9197.692239676973,5328.0,5325.395121951219,0.57927574234503,,0.1356875664186663,0.26808797143334234,0.14541504683659492,0.17783955802755125,10.0,0.009727480417928619
2017,Schwyz,1290183000.0,,SZ,Schwyz,157301,0.1637561108956713,399.0255813953488,391.4,43,8202.001258733257,4696.799999999999,4788.306976744186,0.5726407314311225,,-0.7274651556415023,-0.8086142194568195,-0.6926364409582972,-0.7431026961152961,23.0,0.03482871468320503
2017,Thurgau,2268176000.0,,TG,Thurgau,273801,0.1616867725099616,407.59358974358975,401.0,39,8284.03110288129,4812.0,4891.123076923077,0.5808766215672857,,-0.6563544550108324,-0.9314008112608462,-0.5396840781668337,-0.7097007676748369,21.0,0.11667037684399872
2017,Ticino,3544047000.0,,TI,Ticino,353709,0.2118719060018263,486.99729729729734,477.0,74,10019.668710719829,5724.0,5843.967567567568,0.5712763730277843,,0.8482492366846716,2.046392256924503,0.6711887939322494,1.1634270320685154,2.0,-0.17706044275242216
2017,Uri,279249000.0,,UR,Uri,36299,0.1875809250943552,374.575,376.05,42,7693.021846331855,4512.6,4494.9,0.5865835415704265,,-1.1686933817628842,0.605058747720711,-0.9372008960467298,-0.578694621488767,18.0,0.23149248571615433
2017,Vaud,7401739000.0,,VD,Vaud,793129,0.1546167143049869,536.2972972972973,524.45,74,9332.32677155923,6293.400000000001,6435.5675675675675,0.6743655847092149,,0.25240064798873585,-1.350910910160024,1.4271877121046384,0.0651039465730835,12.0,1.1747870641159026
2017,Valais,2926291000.0,,VS,Valais,341463,0.1821046496985032,399.1981927710843,399.2,83,8569.862620547468,4790.4,4790.378313253012,0.5589821228305728,,-0.40857049668842904,0.2801175992452259,-0.5683626461902332,-0.2419121052837836,13.0,-0.1597921495018042
2017,Zug,907524000.0,,ZG,Zug,125421,0.156999226604795,383.2583333333333,377.95,42,7235.821752338125,4535.4,4599.1,0.6267981931056368,,-1.5650347298414005,-1.2095417811452538,-0.9069290742442532,-1.2938604313332698,26.0,0.6581056555971473
2017,Zürich,13441639000.0,,ZH,Zürich,1504346,0.1601207434991684,452.62961538461536,447.0,130,8935.204401115168,5364.0,5431.555384615384,0.6003220250149555,,-0.09186003288525782,-1.02432295788965,0.19321266020892713,-0.30033073711302927,15.0,0.2850726930941849
2018,Aargau,5760552000.0,,AG,Aargau,678207,0.1655998832214943,436.4,435.65,42,8493.796141885885,5227.799999999999,5236.799999999999,0.6154845151298,,-0.5893572988289079,-0.8322790402097678,-0.2587904898423189,-0.5795921189965186,18.0,0.33056680898658897
2018,Appenzell Innerrhoden,124633000.0,,AI,Appenzell Innerrhoden,16145,0.1793744193248684,364.5263157894737,357.1,38,7719.603592443481,4285.200000000001,4374.315789473684,0.5551062238732921,,-1.2736040266487239,-0.03792327373158384,-1.4312124450441126,-0.9423019053724291,25.0,-0.15760841839538875
2018,Appenzell Ausserrhoden,495869000.0,,AR,Appenzell Ausserrhoden,55234,0.1840351957127856,407.2210526315789,403.9,38,8977.60437411739,4846.799999999999,4886.652631578947,0.5398767642260355,,-0.16175798902526117,0.2308563477542174,-0.7326847874573027,-0.186705387599428,14.0,-0.5709267984320415
2018,Bern,10360960000.0,,BE,Bern,1034931,0.1965986138206315,496.37560975609756,490.0,123,10011.256789099949,5880.0,5956.50731707317,0.5873388450491075,,0.7518045131768911,0.9553688500808308,0.552426992846638,0.7630294341655097,6.0,-0.19937752033025313
2018,Basel-Landschaft,3030328000.0,,BL,Basel-Landschaft,288132,0.2079914761289964,503.0111842105263,504.75,76,10517.15186095262,6057.0,6036.134210526316,0.5759163773690504,,1.198924609830718,1.6123772461113004,0.7725826114236777,1.2163749011131326,3.0,-0.42634199840704035
2018,Basel-Stadt,2417006000.0,,BS,Basel-Stadt,194766,0.1886982327510961,612.4802631578947,602.8,38,12409.794317283304,7233.599999999999,7349.763157894737,0.5828944312095211,,2.871679544775328,0.49976633738181536,2.2360577572866425,2.0012001356851026,1.0,-0.6356217874886854
2018,Fribourg,2703336000.0,,FR,Fribourg,318760,0.1480392771991467,463.883552631579,456.25,76,8480.788053708118,5475.0,5566.602631578948,0.6455767984445885,,-0.6008541051172648,-1.8449714860400435,0.04868108593307251,-0.8117055216315141,23.0,0.6495351910503373
2018,Genève,5004511000.0,,GE,Genève,499480,0.1554376551613678,621.1597222222222,612.55,36,10019.442219908706,7350.599999999999,7453.916666666666,0.7336336533179764,,0.7590389592468271,-1.418318700583561,2.381584352617228,0.5114680096403109,8.0,1.6225453933704008
2018,Glarus,407421000.0,,GL,Glarus,40403,0.1891938717421973,410.44624999999996,407.5,40,10083.929411182338,4890.0,4925.355,0.4849300109714521,,0.8160340177074825,0.5283490560823182,-0.6789518907198553,0.35598205211309875,9.0,-1.4949859084273378
2018,Graubünden,1846870000.0,,GR,Graubünden,198379,0.2008226677218859,402.5528455284553,403.1,123,9309.80597744721,4837.200000000001,4830.634146341464,0.519581182649564,,0.13184837572035502,1.1989633747308608,-0.7446254311767346,0.23286442369923432,10.0,-0.8764738068970896
2018,Jura,761128000.0,,JU,Jura,73419,0.1977962107901224,525.6027777777778,508.0,36,10366.90774867541,6096.0,6307.233333333334,0.5880249103961489,,1.0661358839847825,1.0244323779914997,0.8210914765338728,0.9923637303240702,4.0,-0.24504440745090972
2018,Luzern,3247626000.0,,LU,Luzern,409557,0.165925622074583,420.4995833333333,418.7,120,7929.6068679084965,5024.4,5045.995,0.6336253592008438,,-1.0879989673235302,-0.8134941944352797,-0.5117828786477983,-0.8615935132881221,24.0,0.5762160886757319
2018,Neuchâtel,1848712000.0,,NE,Neuchâtel,176850,0.1803449250777495,551.9428571428572,545.0,35,10453.559513712185,6540.0,6623.314285714287,0.6256242183747387,,1.1427204322718052,0.018044261974574313,1.3733462485576335,0.8629740352540931,5.0,0.23062581628582834
2018,Nidwalden,333465000.0,,NW,Nidwalden,43223,0.1902459338777965,380.38658536585365,378.0,41,7714.989704555445,4536.0,4564.639024390244,0.5879463451936485,,-1.2776818722598573,0.589019819717101,-1.1192631278739347,-0.6780666785702891,20.0,0.15841874438592263
2018,Obwalden,308048000.0,,OW,Obwalden,37841,0.1760788562670119,391.4575,389.85,40,8140.588250839037,4678.200000000001,4697.49,0.5746759147925,,-0.9015294372239491,-0.22797319622295115,-0.9423923427798381,-0.709678291312622,21.0,-0.040862905555889006
2018,St. Gallen,4443999000.0,,SG,St. Gallen,507697,0.1719785620163207,428.9284552845528,423.0,123,8753.25046238209,5076.0,5147.141463414633,0.5798988640636508,,-0.3600464252663752,-0.4644306970672856,-0.44760191865584753,-0.4132505801540164,17.0,-0.08755549338947233
2018,Schaffhausen,788404000.0,,SH,Schaffhausen,81991,0.2003268651437353,449.99797297297295,452.45000000000005,74,9615.738312741641,5429.400000000001,5399.975675675675,0.5646368301023335,,0.40223744044366944,1.1703712222232923,-0.008036971734231957,0.5301089719330809,7.0,-0.4102744121779014
2018,Solothurn,2498503000.0,,SO,Solothurn,273194,0.1838217530399643,464.25249999999994,463.45,40,9145.526622107367,5561.4,5571.029999999999,0.6081005752644684,,-0.013344976270173977,0.21854744553815003,0.1561468794079663,0.0985957141918583,11.0,0.16949185567814026
2018,Schwyz,1316193000.0,,SZ,Schwyz,159165,0.1661985989382087,410.37619047619046,404.3,42,8269.361982847988,4851.6,4924.5142857142855,0.5866958067699798,,-0.7877166592274001,-0.7977520493562091,-0.7267144655975858,-0.7754767278585892,22.0,0.061002193629814294
2018,Thurgau,2354920000.0,,TG,Thurgau,276472,0.1647038398101797,425.00131578947367,412.95000000000005,38,8517.752249775745,4955.400000000001,5100.015789473684,0.5817732019771373,,-0.5681844156143362,-0.8839524501490099,-0.5976062553812196,-0.6702702859164592,19.0,-0.029421839766883395
2018,Ticino,3668471000.0,,TI,Ticino,353343,0.2147092202194468,506.11805555555554,502.6,72,10382.181053537215,6031.200000000001,6073.416666666666,0.5809183994094542,,1.0796347336988639,1.9997789499455867,0.7404921314277026,1.2708923480050904,2.0,-0.3391426022711612
2018,Uri,307298000.0,,UR,Uri,36433,0.1919413718332281,385.41625,383.15,40,8434.605989075837,4597.799999999999,4624.995,0.5451114143274606,,-0.6416707296525446,0.6867930518968163,-1.0423952339300873,-0.343312721257122,15.0,-0.4007245042775427
2018,Vaud,7500583000.0,,VD,Vaud,799145,0.1554699084646716,559.1847222222223,547.3499999999999,72,9385.759780765693,6568.199999999999,6710.216666666667,0.6998048270381115,,0.19897785329485942,-1.4164587034645961,1.4084218894834655,0.01670789531417427,12.0,1.209444036188606
2018,Valais,3059150000.0,,VS,Valais,343955,0.1851870157433385,416.73395061728394,417.0,81,8894.041371691064,5004.0,5000.8074074074075,0.562623872644362,,-0.23561262766547317,0.29727999181368375,-0.5371567465515925,-0.15113087154325594,13.0,-0.3015441188861193
2018,Zug,907864000.0,,ZG,Zug,126837,0.1594250888936193,398.74024390243903,394.9,41,7157.722115786403,4738.799999999999,4784.882926829268,0.6620542015103582,,-1.770206018106889,-1.1883696877897467,-0.8670170293009201,-1.3698578718102543,26.0,0.903188988805969
2018,Zürich,13675794000.0,,ZH,Zürich,1520968,0.1608876715354958,469.7389763779527,463.4,127,8991.50672466482,5560.799999999999,5636.867716535433,0.6184502965166043,,-0.14947081592093014,-1.1040248541919824,0.1554005891755016,-0.3596191761281379,16.0,0.30487140509643174
2019,Aargau,5972783000.0,,AG,Aargau,685845,0.1681487799721511,449.12976190476195,447.95,42,8708.648455554827,5375.4,5389.557142857144,0.6172484774685435,,-0.6029531543209022,-0.8167127016321039,-0.288217315469974,-0.5883970588015307,19.0,0.31473583885092826
2019,Appenzell Innerrhoden,123810000.0,,AI,Appenzell Innerrhoden,16128,0.1845858134920635,375.9973684210526,374.65,38,7676.711309523809,4495.799999999999,4511.968421052631,0.5856414053792101,,-1.4820953775821164,0.107614797413797,-1.3442291578667358,-0.9707157701544973,25.0,0.1378662197153806
2019,Appenzell Ausserrhoden,503292000.0,,AR,Appenzell Ausserrhoden,55445,0.1875371990260618,420.12105263157895,421.75,38,9077.319866534404,5061.0,5041.452631578947,0.5575434240957535,,-0.2888694863881922,0.27358433237009355,-0.6656731172543552,-0.21433424847724725,14.0,-0.376803630866163
2019,Bern,10494066000.0,,BE,Bern,1039426,0.1990175346777933,509.6089430894309,501.6,123,10096.02030351367,6019.200000000001,6115.307317073171,0.5961953144948775,,0.5789959358884105,0.9191746652192183,0.48470267558850216,0.6574762396126757,6.0,-0.09429326029990831
2019,Basel-Landschaft,3124653000.0,,BL,Basel-Landschaft,289468,0.2104964970221233,518.5940789473684,518.7,76,10794.467782276452,6224.400000000001,6223.128947368421,0.5766287069956249,,1.1740270108646045,1.5646877708853308,0.7310574164477743,1.180482840266615,3.0,-0.44296959441683015
2019,Basel-Stadt,2473319000.0,,BS,Basel-Stadt,195844,0.1878229611323298,629.4486842105263,620.9,38,12629.026163681297,7450.799999999999,7553.384210526316,0.5899742310636031,,2.7369494624247235,0.2896540065414575,2.2034231776066964,1.869379254455237,1.0,-0.5335262848180271
2019,Fribourg,2762640000.0,,FR,Fribourg,321831,0.1502683085221746,478.10592105263163,468.15,76,8584.13266590229,5617.799999999999,5737.27105263158,0.6544400254104769,,-0.7090323749083991,-1.822211135220899,0.002798226363785559,-0.8650283526841028,24.0,0.7118306012721847
2019,Genève,5200525000.0,,GE,Genève,504128,0.1554585343404849,641.6652777777778,630.85,36,10315.882077567601,7570.200000000001,7699.983333333334,0.7338393307598753,,0.7663036315124604,-1.5303416537654766,2.346769942024811,0.472426623557167,9.0,1.5804663105123509
2019,Glarus,452287000.0,,GL,Glarus,40590,0.1909830007390983,425.44875,424.5,40,11142.818428184282,5094.0,5105.385,0.457155434491816,,1.4707987304366463,0.4673570880051431,-0.6260546647769869,0.6455528889037869,7.0,-2.0968533952136332
2019,Graubünden,1874796000.0,,GR,Graubünden,199021,0.2046618196069761,417.32682926829267,416.6,123,9420.091347144271,4999.200000000001,5007.921951219512,0.5306954907093893,,0.003149153209106002,1.2365779099211145,-0.7398676737119718,0.18742357349243904,10.0,-0.7430168269210778
2019,Jura,771118000.0,,JU,Jura,73584,0.2004919547727767,550.9027777777778,532.0,36,10479.42487497282,6384.0,6610.833333333334,0.6091937368859242,,0.905631282486331,1.0020878646896725,0.9226666593383184,0.9388271013603302,4.0,0.017035376851987416
2019,Luzern,3462021000.0,,LU,Luzern,413120,0.1679754066615027,430.66541666666666,428.85,120,8380.182513555383,5146.200000000001,5167.985,0.6140916372257709,,-0.8827844208138526,-0.8264622539730909,-0.5633854763127859,-0.7860380346363574,23.0,0.31939894450106665
2019,Neuchâtel,1846916000.0,,NE,Neuchâtel,176496,0.1824460611005348,575.5257142857143,572.0,35,10464.350466866104,6864.0,6906.308571428572,0.6559413335527983,,0.8927888834039299,-0.012712996177618953,1.4989350590091297,0.7726748634307652,5.0,0.6061461756051998
2019,Nidwalden,359416000.0,,NW,Nidwalden,43087,0.1962772994174577,394.58170731707315,384.8,41,8341.634367674706,4617.6,4734.980487804878,0.5535605849489171,,-0.9156248925445964,0.76507904924843,-1.198001051450267,-0.48200774973310617,17.0,-0.2823761589056706
2019,Obwalden,313977000.0,,OW,Obwalden,37930,0.1805694700764566,404.60749999999996,400.6,40,8277.801212760349,4807.200000000001,4855.289999999999,0.580733926370403,,-0.9700065202871627,-0.11824205565887198,-0.9703750335802964,-0.7145693092219589,22.0,-0.00036851329313369874
2019,St. Gallen,4535754000.0,,SG,St. Gallen,510734,0.1743079567837661,441.7772357723577,439.0,123,8880.853829978032,5268.0,5301.326829268292,0.593186207188485,,-0.4562455604425092,-0.4703547963832781,-0.41715736989631785,-0.45070628358819204,16.0,0.03908819054619134
2019,Schaffhausen,814570000.0,,SH,Schaffhausen,82348,0.2023242823140817,465.85878378378385,467.54999999999995,74,9891.800650896197,5610.599999999999,5590.305405405406,0.5671970350000612,,0.40501429357008967,1.105127791671363,-0.005845799631276938,0.51233331970013,8.0,-0.4108600932013666
2019,Solothurn,2647783000.0,,SO,Solothurn,275247,0.1864325496735659,478.5975,477.4,40,9619.661613023938,5728.799999999999,5743.17,0.5955303035029683,,0.17316982541486128,0.21146498631666666,0.13606029378766069,0.17538099077860275,11.0,-0.0371095316272006
2019,Schwyz,1382888000.0,,SZ,Schwyz,160480,0.1700897308075772,423.7904761904762,417.0,42,8617.198404785642,5004.0,5085.4857142857145,0.5806991744812307,,-0.6808625514773017,-0.7075644037164828,-0.7341049897152641,-0.7021837167085465,21.0,-0.053242438237962375
2019,Thurgau,2434159000.0,,TG,Thurgau,279547,0.1679216732785542,438.7828947368421,428.5,38,8707.512511312945,5142.0,5265.394736842105,0.5905245606388079,,-0.6039209037135368,-0.8294839210771885,-0.5684278248099058,-0.6627165391967246,20.0,0.03549307890363096
2019,Ticino,3829269000.0,,TI,Ticino,351491,0.218119382857598,524.7277777777778,520.75,72,10894.358603776484,6249.0,6296.733333333334,0.5735996241058019,,1.259127386633312,1.9933565444375003,0.7605911719309028,1.3547620802989662,2.0,-0.49853621470240916
2019,Uri,299439000.0,,UR,Uri,36703,0.195597090156118,398.30125,394.15,40,8158.433915483748,4729.799999999999,4779.615,0.5797436185667196,,-1.071699565756115,0.726827857231312,-1.0632983130272153,-0.530041025677662,18.0,0.008401252728899689
2019,Vaud,7741729000.0,,VD,Vaud,805098,0.1566964518605188,571.9819444444444,561.5,72,9615.884029025037,6738.0,6863.783333333333,0.7007156055191289,,0.169951573597759,-1.46072804593704,1.3476646040955418,-0.02482405463823495,12.0,1.1777130304977828
2019,Valais,3256566000.0,,VS,Valais,345525,0.1878011721293683,433.19444444444446,435.1,81,9424.979379205557,5221.200000000001,5198.333333333334,0.5539746868326944,,0.007313433359558137,0.28842871399766024,-0.47334353886422165,-0.02851622550495618,13.0,-0.4806569722237798
2019,Zug,957139000.0,,ZG,Zug,127642,0.1623368483727926,409.47439024390246,400.0,41,7498.621143510757,4800.0,4913.69268292683,0.6401176840563387,,-1.6338164248298597,-1.1435434642117936,-0.9790190595753588,-1.3230351953308146,26.0,0.6547973652545008
2019,Zürich,14051196000.0,,ZH,Zürich,1539275,0.1611076643224895,485.0678571428572,482.0,126,9128.450731675626,5784.0,5820.814285714287,0.6336234011681283,,-0.24530936973727754,-1.2126659501948875,0.2023311597498043,-0.4236062115027901,15.0,0.4476405294870819
2020,Aargau,6158685000.0,,AG,Aargau,694072,0.1702604340760036,454.4797619047619,451.3,42,8873.265309650871,5415.6,5453.757142857143,0.6103277441856502,,-0.6053600010449125,-0.7845816287869048,-0.31712482301538264,-0.5870676948601278,19.0,0.28823517802952986
2020,Appenzell Innerrhoden,125325000.0,,AI,Appenzell Innerrhoden,16293,0.1870742036457374,380.3578947368421,378.20000000000005,38,7691.953599705395,4538.400000000001,4564.2947368421055,0.5900191597845602,,-1.6039555683639646,0.13998827744905595,-1.3910267181121037,-1.0275402020570932,25.0,0.21292885025186092
2020,Appenzell Ausserrhoden,500051000.0,,AR,Appenzell Ausserrhoden,55309,0.1904753295123759,430.5157894736842,429.1,38,9041.042145039686,5149.200000000001,5166.1894736842105,0.5695361129164827,,-0.4635335866383187,0.3270122883689603,-0.6432619238518696,-0.27130190843952273,14.0,-0.17972833721355097
2020,Bern,10755863000.0,,BE,Bern,1043081,0.2012710422297022,512.4764227642277,503.3,123,10311.627764286763,6039.6,6149.717073170732,0.5857077212307371,,0.6105276933755956,0.9206561499320517,0.4467999176826955,0.6626342864193074,7.0,-0.16372777569290015
2020,Basel-Landschaft,3107725000.0,,BL,Basel-Landschaft,290969,0.2118335630256144,524.9953947368422,519.0,76,10680.605150376845,6228.0,6299.944736842106,0.583113027053552,,0.9224345161798266,1.5014770551662453,0.6774464259319228,1.0349002553137763,3.0,-0.2449880902479038
2020,Basel-Stadt,2471597000.0,,BS,Basel-Stadt,196735,0.1867486720715683,633.0328947368421,624.0,38,12563.07723587567,7488.0,7596.394736842105,0.596032314329561,,2.5137404046719865,0.12208766951232386,2.219986767726119,1.7228061748876207,1.0,-0.2937536369458673
2020,Fribourg,2859892000.0,,FR,Fribourg,325547,0.1516370908040928,486.258552631579,479.5,76,8784.882060040485,5754.0,5835.102631578948,0.6549888730063933,,-0.6800728143888676,-1.8086579176463404,0.0971574402093442,-0.8243407817165563,23.0,0.7772302545982118
2020,Genève,5394823000.0,,GE,Genève,506343,0.1549108015712669,649.7902777777778,629.6,36,10654.483225797532,7555.200000000001,7797.483333333334,0.7091099436626559,,0.9003529285047598,-1.6286403169235213,2.3022555859551432,0.49213061923887136,9.0,1.4019026574503834
2020,Glarus,470635000.0,,GL,Glarus,40851,0.1932878020121906,429.48125,431.20000000000005,40,11520.770605370737,5174.400000000001,5153.775,0.44913662264812443,,1.6326496881010626,0.4816669257279559,-0.6124111170159854,0.7260896581098686,6.0,-2.245060805117048
2020,Graubünden,2032823000.0,,GR,Graubünden,200096,0.2077752678714217,427.70284552845527,428.0,123,10159.238565488566,5136.0,5132.434146341463,0.5055496991130068,,0.48170887515343047,1.2783160587800428,-0.659421870289714,0.435408343880628,10.0,-1.1411307454431445
2020,Jura,785790000.0,,JU,Jura,73709,0.2022548128451071,553.3305555555556,533.95,36,10660.706290954971,6407.400000000001,6639.966666666667,0.6010295964570688,,0.9056134581592429,0.9747525678632147,0.8970747888826209,0.9242205237512789,4.0,-0.008538669276621946
2020,Luzern,3519834000.0,,LU,Luzern,416347,0.1701633493215995,431.99041666666665,429.6,120,8454.087575988298,5155.200000000001,5183.885,0.609787863404922,,-0.9597025706056694,-0.7899202080926387,-0.6359164936528497,-0.8278213426135553,24.0,0.3237860769528197
2020,Neuchâtel,1905502000.0,,NE,Neuchâtel,175894,0.1837072327651881,583.9342857142857,583.0,35,10833.240474376613,6996.0,7007.211428571429,0.6457901508368924,,1.0514613908643338,-0.04515758995549901,1.6176614914064806,0.8640257217539207,5.0,0.5662001005421469
2020,Nidwalden,379587000.0,,NW,Nidwalden,43520,0.2006893382352941,399.60853658536587,390.0,41,8722.12775735294,4680.0,4795.30243902439,0.5365663207644098,,-0.7331207677498586,0.8886689143905873,-1.2176745654152326,-0.36772231252406834,15.0,-0.484553797665374
2020,Obwalden,327298000.0,,OW,Obwalden,38108,0.1843182533851159,409.59000000000003,406.95000000000005,40,8588.695287078828,4883.400000000001,4915.08,0.5685846146325368,,-0.8459149373414813,-0.011558266797662786,-0.9686644816684545,-0.626295322260079,20.0,-0.12274954432697327
2020,St. Gallen,4628258000.0,,SG,St. Gallen,514504,0.1756099077946916,448.1707317073171,444.0,123,8995.572434811002,5328.0,5378.048780487805,0.5922913787433631,,-0.5019703943829418,-0.4904202038913096,-0.42436810392107455,-0.4791047646199853,16.0,0.07760229046186723
2020,Schaffhausen,844898000.0,,SH,Schaffhausen,83107,0.203953938898047,472.1547297297297,472.15,74,10166.38790956237,5665.799999999999,5665.856756756756,0.5573070839320249,,0.487752414078199,1.068185560918953,-0.010820383716249875,0.537239158681813,8.0,-0.4985727977944489
2020,Solothurn,2704267000.0,,SO,Solothurn,277462,0.1886024032119713,484.41999999999996,480.6,40,9746.440954076594,5767.200000000001,5813.039999999999,0.5917236894138043,,0.13275959996600856,0.22402221902311573,0.11331738664718849,0.1552778323534357,11.0,-0.019442213318820067
2020,Schwyz,1398925000.0,,SZ,Schwyz,162157,0.1724748237818903,430.6547619047619,425.2,42,8626.978792158217,5102.4,5167.857142857143,0.5914469158818377,,-0.8135528282115557,-0.662814878371403,-0.700556279404226,-0.7400823060576774,22.0,0.11299654880732968
2020,Thurgau,2515053000.0,,TG,Thurgau,282909,0.1708111088724642,446.43552631578945,436.25,38,8889.971687008896,5235.0,5357.226315789473,0.5888657674410838,,-0.5912376366975269,-0.7543006532556018,-0.5382222720058842,-0.6269027004920387,21.0,0.0530153646916427
2020,Ticino,3882380000.0,,TI,Ticino,350986,0.2190913597693355,535.2402777777778,528.25,72,11061.352874473625,6339.0,6422.883333333333,0.5730763742858762,,1.2442911323031114,1.9005749747012588,0.8133368846137925,1.333437723100226,2.0,-0.4309542476893189
2020,Uri,305914000.0,,UR,Uri,36819,0.1990548358184632,404.85375,399.65,40,8308.59067329368,4795.799999999999,4858.245,0.5772098047163581,,-1.0826951396848359,0.7987895009726637,-1.0759077625741473,-0.5165529032099139,17.0,0.006787377110688553
2020,Vaud,8009780000.0,,VD,Vaud,814762,0.1560848444085512,572.1819444444444,560.0,72,9830.821761446901,6720.0,6866.1833333333325,0.6835644224935017,,0.20408903782511617,-1.5640810477196125,1.2797717022515613,-0.05744132173169114,12.0,1.0756826644264452
2020,Valais,3248233000.0,,VS,Valais,348503,0.1893355293928603,444.787037037037,450.75,81,9320.530956691908,5409.0,5337.444444444444,0.5803317455982991,,-0.227273938925134,0.2643359869448443,-0.32520479623430476,-0.10427367549143321,13.0,-0.09793085730917075
2020,Zug,991491000.0,,ZG,Zug,128794,0.1648058139354317,410.85487804878045,403.0,41,7698.270105750268,4836.0,4930.258536585366,0.6281930789084318,,-1.5986160505345468,-1.0845249348376491,-1.026693380240713,-1.3014080482520192,26.0,0.5719226702938338
2020,Zürich,14197380000.0,,ZH,Zürich,1553423,0.1615078442896751,486.5011904761905,478.5,126,9139.41663024173,5742.0,5838.014285714286,0.6282676709364685,,-0.3803749046130728,-1.2658765034730994,0.08246657981130423,-0.5303150131649865,18.0,0.462841484424377
2021,Aargau,6638370000.0,,AG,Aargau,703086,0.1727228248037935,457.16190476190474,456.05,42,9441.761036345482,5472.6,5485.942857142857,0.5796164485558956,,-0.5262761533869267,-0.7607978146741571,-0.32534924293505085,-0.5464009241601269,18.0,0.20092691045187583
2021,Appenzell Innerrhoden,140395000.0,,AI,Appenzell Innerrhoden,16360,0.1921760391198044,382.06216216216217,382.4,37,8581.601466992664,4588.799999999999,4584.745945945946,0.5347253677125253,,-1.2612203112431302,0.28544552885111313,-1.3868780643634522,-0.8286349974949376,25.0,-0.125657753120322
2021,Appenzell Ausserrhoden,528839000.00000006,,AR,Appenzell Ausserrhoden,55585,0.1933255374651434,432.93783783783783,433.1,37,9514.059548439329,5197.200000000001,5195.254054054054,0.5462652376243053,,-0.46450230237339035,0.34726847351555234,-0.6561311363740432,-0.26887827810687076,14.0,-0.19162883400065284
2021,Bern,11436382000.0,,BE,Bern,1047422,0.2038910773308179,514.4024390243902,509.6,123,10918.600143972535,6115.200000000001,6172.829268292682,0.5600717966923455,,0.7355760806825257,0.9155100800512279,0.44647517508926515,0.7172810540948212,6.0,-0.2891009055932605
2021,Basel-Landschaft,3336706000.0,,BL,Basel-Landschaft,292817,0.2142908369391121,533.658552631579,530.5,76,11395.192219031,6366.0,6403.902631578949,0.5586566577936444,,1.142789548653736,1.474835602696885,0.7477101020119203,1.1436335032062268,3.0,-0.3950794466418157
2021,Basel-Stadt,2616604000.0,,BS,Basel-Stadt,196036,0.187021771511355,637.1118421052631,625.15,38,13347.568813891326,7501.799999999999,7645.3421052631575,0.5620349371934003,,2.810954181650136,0.008235907423679344,2.1119151658027975,1.7953789454203646,1.0,-0.6990390158473385
2021,Fribourg,3050791000.0,,FR,Fribourg,329860,0.1539319711392712,488.3796052631579,488.5,76,9248.744922088159,5862.0,5860.555263157895,0.633815728445508,,-0.6911944669182839,-1.7714177177039068,0.1423576172869667,-0.8068734211026581,24.0,0.8335520842052506
2021,Genève,5711462000.0,,GE,Genève,509448,0.1560571442031375,653.3557142857143,639.0,35,11211.079442847946,7668.0,7840.268571428571,0.6839662531239812,,0.9854784937476897,-1.6571205051306972,2.3115373542180504,0.5242135092017639,8.0,1.3260588604703607
2021,Glarus,420482000.0,,GL,Glarus,41190,0.1954843408594319,435.59125000000006,438.95,40,10208.351541636319,5267.4,5227.095000000001,0.5159892837267707,,0.12872000477409581,0.46337441079477854,-0.5718141831444966,0.05398277960065251,11.0,-0.7005341879185925
2021,Graubünden,2046983000.0,,GR,Graubünden,201376,0.2110579215000794,432.3345528455285,431.0,123,10164.97993802638,5172.0,5188.014634146342,0.5088057262810682,,0.09166210548924189,1.3009611877379055,-0.6863987606102911,0.2599366136389577,9.0,-0.7780608660995331
2021,Jura,826021000.0,,JU,Jura,73798,0.205534025312339,560.8444444444444,551.5999999999999,36,11192.999810292962,6619.199999999999,6730.133333333333,0.5913696160267111,,0.9700307549839745,1.0038720011970803,1.051827659814217,1.0006323550554668,4.0,0.0817969048302426
2021,Luzern,3977111000.0,,LU,Luzern,420326,0.1721259213086985,440.66749999999996,439.45,120,9461.967615612644,5273.4,5288.009999999999,0.5573259404628133,,-0.5090110924473238,-0.7929008028140717,-0.56460760594539,-0.6080771339318647,22.0,-0.05559651349806616
2021,Neuchâtel,2047592000.0,,NE,Neuchâtel,176166,0.1855692925990259,590.1371428571429,590.4,35,11623.082774201604,7084.799999999999,7081.645714285714,0.6095456891802664,,1.3375055503361442,-0.06988210273901056,1.6110580504648895,0.983677379445784,5.0,0.2735525001287453
2021,Nidwalden,383046000.0,,NW,Nidwalden,43894,0.2038775231238893,406.53125,397.65,40,8726.614115824486,4771.799999999999,4878.375,0.5468100155072758,,-1.137317488009543,0.9147811003286248,-1.167077459790701,-0.5291279044533822,17.0,-0.02975997178115808
2021,Obwalden,350569000.0,,OW,Obwalden,38435,0.1878756341875894,414.495,409.0,40,9121.087550409782,4908.0,4973.9400000000005,0.53809372762566,,-0.8002684607039856,0.05415881387928034,-1.003488157370981,-0.5947452024957547,20.0,-0.20321969666699546
2021,St. Gallen,4937893000.0,,SG,St. Gallen,519245,0.1771687738928636,451.1878048780488,448.0,123,9509.75551040453,5376.0,5414.253658536585,0.5653142180278107,,-0.4681797916690645,-0.5216833647673682,-0.4413751358406671,-0.4775296996414562,15.0,0.02680465582839736
2021,Schaffhausen,904280000.0,,SH,Schaffhausen,83995,0.2052503125186023,475.08513513513515,474.25,74,10765.878921364367,5691.0,5701.021621621621,0.5286145275799531,,0.6050868385283282,0.9886132055503536,-0.06302983288757112,0.553115580780961,7.0,-0.6681166714158994
2021,Solothurn,2865138000.0,,SO,Solothurn,280245,0.1909935948901854,487.14250000000004,484.6,40,10223.689985548359,5815.200000000001,5845.710000000001,0.5687965899024761,,0.14182559604507425,0.2218506707350147,0.08614631513393563,0.15191329822427174,10.0,-0.05567928091113862
2021,Schwyz,1507653000.0,,SZ,Schwyz,163689,0.1748987409050089,435.1595238095238,429.5,42,9210.472298077451,5154.0,5221.914285714286,0.5595804246733168,,-0.7238956568192,-0.6437715124916756,-0.7080184922076109,-0.6958891223680455,23.0,0.015877164611589056
2021,Thurgau,2683547000.0,,TG,Thurgau,285964,0.1742177337007455,451.3662162162162,440.6,37,9384.21269810186,5287.200000000001,5416.394594594594,0.5634143396035174,,-0.5754470473622226,-0.6803978120213585,-0.5480324783874443,-0.6000786345162689,21.0,0.02741456897477834
2021,Ticino,4121631000.000001,,TI,Ticino,352181,0.22190862085121,538.7486111111111,533.8,72,11703.161158608786,6405.599999999999,6464.983333333334,0.5473392968948456,,1.40592673971488,1.8845393966805135,0.7952735115260231,1.396847229757356,2.0,-0.6106532281888569
2021,Uri,321518000.0,,UR,Uri,37047,0.2016627527195184,407.7346153846154,402.0,39,8678.651442761897,4824.0,4892.815384615385,0.5558467270883746,,-1.1782981241827117,0.7956651148997965,-1.1043802381584735,-0.5676296809518997,19.0,0.07391788602423821
2021,Vaud,8605884000.0,,VD,Vaud,822968,0.15697086642494,573.297142857143,567.85,70,10457.130775437197,6814.200000000001,6879.565714285715,0.6516319004067451,,0.34128387198243915,-1.6079782000667382,1.286041418785183,-0.00730536293162809,12.0,0.9447575468027438
2021,Valais,3343977000.0,,VS,Valais,353209,0.1916032717173118,452.379375,458.15,80,9467.417308165986,5497.799999999999,5428.5525,0.5807074750215088,,-0.5043547242025285,0.25464064115947216,-0.29508161869880367,-0.2243378382179971,13.0,0.2092731055037248
2021,Zug,1065254000.0,,ZG,Zug,129787,0.16650357894088,412.34634146341466,403.6,41,8207.709554886083,4843.200000000001,4948.1560975609755,0.5900793598522043,,-1.5806839157452204,-1.0952846753090544,-1.081319191121332,-1.3102229624583985,26.0,0.49936472462388837
2021,Zürich,15231132000.0,,ZH,Zürich,1564662,0.1624644811467269,486.95476190476194,479.5,126,9734.455109154565,5754.0,5843.4571428571435,0.5910962591618272,,-0.27619023152474825,-1.3125176277832469,0.012639227703048077,-0.5148810855953487,16.0,0.28882945922779635
2022,Aargau,6899391000.0,,AG,Aargau,711232,0.1753323809952308,457.72972972972974,455.1,37,9700.619488436965,5461.200000000001,5492.756756756757,0.5629743550409015,,-0.47524363329292213,-0.7145121553392282,-0.3369782296704613,-0.5124578390011987,17.0,0.13826540362246081
2022,Appenzell Innerrhoden,139725000.0,,AI,Appenzell Innerrhoden,16416,0.1931042884990253,380.63125,375.8,32,8511.513157894737,4509.6,4567.575000000001,0.5298235362318842,,-1.3980043965106208,0.21792583355825987,-1.4883274946212581,-0.9358061020176159,25.0,-0.09032309811063732
2022,Appenzell Ausserrhoden,608919000.0,,AR,Appenzell Ausserrhoden,55759,0.1952868595204361,436.85,424.8,32,10920.550942448752,5097.6,5242.200000000001,0.46678963605996865,,0.47143779515753065,0.33243870356929767,-0.7769010887878529,0.11765334669471489,10.0,-1.2483388839453835
2022,Bern,11566182000.0,,BE,Bern,1051437,0.2067037777822161,513.0342592592592,509.5,108,11000.356654749643,6114.0,6156.411111111111,0.5558001610211564,,0.5333679843259981,0.931449715817038,0.4528502698670332,0.6326630751585689,6.0,-0.08051771445896488
2022,Basel-Landschaft,3504388000.0,,BL,Basel-Landschaft,294417,0.2162103411148133,535.1537878787879,533.7,66,11902.804525553891,6404.400000000001,6421.845454545454,0.5380580674286067,,1.2336783473595434,1.4302302093167314,0.8042078009112871,1.1852762693346357,3.0,-0.42947054644825633
2022,Basel-Stadt,2731312000.0,,BS,Basel-Stadt,196786,0.1870559897553687,638.3893939393939,628.9,33,13879.605256471497,7546.799999999999,7660.672727272728,0.5437330428746331,,2.7676994053073596,-0.09941002448524192,2.186407675101902,1.762243643818215,1.0,-0.5812917302054577
2022,Fribourg,3207661000.0,,FR,Fribourg,334465,0.1557412584276381,488.1310606060606,484.85,66,9590.423512176161,5818.200000000001,5857.572727272727,0.606667681840444,,-0.5607570315031318,-1.7423988311656688,0.09495923101410617,-0.7513205057725834,24.0,0.655716262517238
2022,Genève,5847323000.0,,GE,Genève,514114,0.1560043103280595,656.5916666666667,634.05,30,11373.592238297342,7608.599999999999,7879.1,0.6689707034141948,,0.8230032701607221,-1.7285972972024624,2.2611800422456168,0.4170672929729905,7.0,1.4381767720848946
2022,Glarus,442118000.0,,GL,Glarus,41471,0.1980661184924405,436.9847222222222,435.55,36,10660.895565575946,5226.6,5243.816666666667,0.4902590000859499,,0.26994211089229486,0.47825797738263315,-0.6208228466917487,0.10974563144338545,11.0,-0.8907649575840435
2022,Graubünden,2104594000.0,,GR,Graubünden,202538,0.213875914643178,434.1662037037037,435.1,108,10391.106854022455,5221.200000000001,5209.9944444444445,0.5024681271542161,,0.060582837472988614,1.307749945227133,-0.6273563545004227,0.26274817180587906,9.0,-0.6879391919734114
2022,Jura,864868000.0,,JU,Jura,73865,0.2085019968862113,567.8677419354839,544.9,31,11708.765992012455,6538.799999999999,6814.412903225806,0.5584533847939801,,1.083102119897453,1.025796808528854,0.9668195508160644,1.0368398842165263,4.0,-0.11628256908138868
2022,Luzern,3999450000.0,,LU,Luzern,424851,0.1738350621747389,442.7914285714286,442.9,105,9413.770945578568,5314.799999999999,5313.4971428571425,0.5645771530585455,,-0.6978415402565495,-0.7930719244253392,-0.5141088858167384,-0.6804774918972336,23.0,0.18373265443981113
2022,Neuchâtel,2107573000.0,,NE,Neuchâtel,176571,0.1871541759405565,596.3333333333334,593.55,30,11936.122013241133,7122.599999999999,7156.0,0.5967264738160908,,1.2595331170946908,-0.09425849367547993,1.6731643394649451,0.9568034394562033,5.0,0.4136312223702543
2022,Nidwalden,392314000.0,,NW,Nidwalden,44420,0.2073615488518685,406.45,401.4,35,8831.922557406573,4816.799999999999,4877.4,0.5453852169435707,,-1.1493628625774475,0.9659609652825597,-1.1166434948389081,-0.5065858722848104,15.0,0.03271936773853934
2022,Obwalden,351811000.0,,OW,Obwalden,38700,0.1914728682170542,418.1985714285714,416.0,35,9090.723514211886,4992.0,5018.382857142857,0.5491312096551841,,-0.948530218524292,0.13233016823967103,-0.9046674637130361,-0.6133064137922891,20.0,0.0438627548112559
2022,St. Gallen,5058906000.0,,SG,St. Gallen,525967,0.1792640983179553,449.22314814814814,446.95,108,9618.295444390998,5363.4,5390.677777777778,0.557624792356292,,-0.5391280780762442,-0.5082268934711979,-0.45530731553867104,-0.508902532060337,16.0,0.08382076253757315
2022,Schaffhausen,913476000.0,,SH,Schaffhausen,85214,0.206996502922055,478.9265625,475.45,64,10719.787828291126,5705.4,5747.11875,0.5322306832363412,,0.31564321254726363,0.9468081144938726,-0.041518487655976155,0.41570225808043637,8.0,-0.3571617002032398
2022,Solothurn,2914221000.0,,SO,Solothurn,282408,0.1943358545083708,489.80428571428575,483.0,35,10319.187133508965,5796.0,5877.651428571429,0.5616721477197508,,0.004772272440365146,0.2825423601018187,0.06809925446733442,0.10393504424554353,12.0,0.06332698202696928
2022,Schwyz,1575024000.0,,SZ,Schwyz,164920,0.1778013582342954,433.0855263157895,429.5,38,9550.230414746544,5154.0,5197.026315789473,0.5396728430804864,,-0.5919473567983683,-0.5849724212991123,-0.7086622294528122,-0.6190335943122025,21.0,-0.11671487265444391
2022,Thurgau,2727218000.0,,TG,Thurgau,289650,0.1775453133091662,452.1015625,447.0,32,9415.563611254964,5364.0,5425.21875,0.5696950518807077,,-0.6964504102076574,-0.5984063205585987,-0.454581370226596,-0.6065699233176745,19.0,0.2418690399810614
2022,Ticino,4317365000.0,,TI,Ticino,354023,0.2236210641681472,536.7983870967741,539.5,62,12195.153987170324,6474.0,6441.58064516129,0.5308666054410504,,1.4605450332045762,1.8190483313248242,0.8884174571119752,1.4250641286175003,2.0,-0.572127576092601
2022,Uri,315656000.0,,UR,Uri,37317,0.2055899456012005,410.1942857142857,404.9,35,8458.772141383284,4858.799999999999,4922.331428571428,0.5744096091948195,,-1.438932057392548,0.8730103255257178,-1.065827322993665,-0.6520731589173475,22.0,0.3731047343988829
2022,Vaud,8887253000.0,,VD,Vaud,830431,0.157524225372126,569.145,558.15,60,10701.976443557622,6697.799999999999,6829.74,0.6258470138973201,,0.3018213645354395,-1.6488519729213296,1.1591950585159139,-0.0690372132064726,13.0,0.8573736939804744
2022,Valais,3475867000.0,,VS,Valais,357282,0.193085573860424,448.71180555555554,455.0,72,9728.637322898998,5460.0,5384.541666666666,0.5612296788110708,,-0.45350145797366104,0.21694393333305184,-0.33843012029461145,-0.2236000061618848,14.0,0.11507133767904959
2022,Zug,1127334000.0,,ZG,Zug,131164,0.1682245128236406,411.0837837837838,404.0,37,8594.843097191302,4848.0,4933.005405405405,0.5640591625906786,,-1.3333393649577907,-1.0874404018907564,-1.0788943386110128,-1.195958419450986,26.0,0.2544450263467779
2022,Zürich,15679200000.0,,ZH,Zürich,1579967,0.1630230251644496,485.2045045045045,476.5,111,9923.751572026504,5718.0,5822.454054054054,0.5761933839736721,,-0.30209046232498243,-1.3603466552670809,-0.026273636102403016,-0.5506131136519671,18.0,0.2758168262225794
2023,Aargau,7177644000.0,,AG,Aargau,726894,0.1767011421197588,477.99571428571426,475.0,35,9874.402595151425,5700.0,5735.948571428571,0.5772501115965072,,-0.3176802011132401,-0.7184437627128447,-0.3557367776453807,-0.4474234137261567,15.0,-0.03805657653214062
2023,Appenzell Innerrhoden,142358000.0,,AI,Appenzell Innerrhoden,16585,0.1944528188121796,398.46774193548384,400.6,31,8583.53934277962,4807.200000000001,4781.612903225806,0.5600486941373158,,-1.3424556623195834,0.19817537980402014,-1.4132705453989138,-0.8979700704523349,25.0,-0.07081488307933048
2023,Appenzell Ausserrhoden,562156000.0,,AR,Appenzell Ausserrhoden,56495,0.1982653332153288,460.2112903225806,454.0,31,9950.544295955395,5448.0,5522.535483870967,0.5475077380655903,,-0.2572337158522674,0.3950369914477172,-0.6542342120919425,-0.16080262772219084,13.0,-0.39700049623967515
2023,Bern,12030140000.0,,BE,Bern,1063533,0.2083931575230858,533.0676470588236,534.7,102,11311.487278721017,6416.400000000001,6396.8117647058825,0.5672463613224784,,0.823175824257157,0.9179936559582456,0.49284878599556015,0.7690394142020843,6.0,-0.3303270382615968
2023,Basel-Landschaft,3547929000.0,,BL,Basel-Landschaft,298837,0.2170715139022276,559.8491935483871,557.7,62,11872.455552692605,6692.400000000001,6718.190322580645,0.5636913080278665,,1.2685107740476271,1.3661061199544522,0.8197745475322707,1.1856053211908355,3.0,-0.4487362265153564
2023,Basel-Stadt,2667148000.0,,BS,Basel-Stadt,200031,0.1857962015887537,655.7370967741934,645.6,31,13333.6732806415,7747.200000000001,7868.845161290321,0.5810251861538993,,2.428525259184133,-0.24881456902831683,2.069199523144308,1.535491876710442,2.0,-0.35932573603982476
2023,Fribourg,3259700000.0,,FR,Fribourg,341537,0.1577749994876104,512.5338709677419,506.05,62,9544.207508996096,6072.6,6150.406451612903,0.6362602651164219,,-0.5798116244697968,-1.695707202736998,0.08561300042917881,-0.7482241417252132,23.0,0.6654246248989757
2023,Genève,5931017000.0,,GE,Genève,524410,0.1555862779123205,675.9793103448276,652.0,29,11309.88539501535,7824.0,8111.751724137931,0.6917841982243518,,0.8219041395064618,-1.8087232365636483,2.1601701698327838,0.3672824342670093,8.0,1.3382660303263219
2023,Glarus,463284000.0,,GL,Glarus,42056,0.2001616891763363,454.59,457.3,35,11015.883583793038,5487.6,5455.08,0.49815341259357115,,0.5885054110685204,0.4929565404009494,-0.607327472393197,0.2608825290028198,9.0,-1.1958328834617173
2023,Graubünden,2123062000.0,,GR,Graubünden,204888,0.2172650423646089,449.5754901960784,446.15,102,10362.061223692945,5353.799999999999,5394.905882352941,0.5166732645584537,,0.06945654250129539,1.376099085481832,-0.7658153959207767,0.2526313207899384,10.0,-0.8352719384220721
2023,Jura,885531000.0,,JU,Jura,74548,0.2113671728282448,592.7724137931035,575.3,29,11878.668777163706,6903.599999999999,7113.268965517242,0.5811762352757837,,1.2734432562150855,1.071558832143027,1.0699438259255785,1.1620030714210912,4.0,-0.203499430289507
2023,Luzern,3909933000.0,,LU,Luzern,432744,0.1754062448006211,466.10735294117643,462.4,102,9035.210193555544,5548.799999999999,5593.288235294117,0.6141307043368772,,-0.9838884759294627,-0.7853066112696887,-0.5348352383133181,-0.8120506071274943,24.0,0.4490532376161446
2023,Neuchâtel,2081103000.0,,NE,Neuchâtel,178291,0.1878950704185853,625.8086206896552,616.0,29,11672.507305472514,7392.0,7509.703448275863,0.6332829619677642,,1.109778191889226,-0.1404381389935687,1.6484602822101062,0.8693838152046076,5.0,0.5386820903208802
2023,Nidwalden,396338000.0,,NW,Nidwalden,45016,0.2104585036431491,422.0382352941176,419.8,34,8804.380664652568,5037.6,5064.458823529411,0.5721697177661491,,-1.1671367297680941,1.0246391195037403,-1.140358605333486,-0.5029094438778918,16.0,0.02677812443460814
2023,Obwalden,351569000.0,,OW,Obwalden,39272,0.1956101038908128,435.9029411764706,431.0,34,8952.15420655938,5172.0,5230.835294117647,0.5777380371989567,,-1.0498239940593308,0.2579325325960845,-0.9811599736286531,-0.6403310309550369,21.0,0.06866402043067765
2023,St. Gallen,5124884000.0,,SG,St. Gallen,535114,0.180746532514567,468.95761904761906,468.9,105,9577.181684650373,5626.799999999999,5627.4914285714285,0.587521484427745,,-0.5536344705366256,-0.5095574507838854,-0.4424431752703347,-0.5126135407942308,17.0,0.1111912952662909
2023,Schaffhausen,931874000.0,,SH,Schaffhausen,87111,0.207000264030949,504.1508064516129,502.5,62,10697.546808095418,6030.0,6049.809677419355,0.5636806370818372,,0.33578792489399906,0.8460707125370838,0.03515271984416462,0.41371395992446586,7.0,-0.30063520504983443
2023,Solothurn,2983676000.0,,SO,Solothurn,286844,0.1963645744725356,514.9484848484848,510.0,33,10401.737529807142,6120.0,6179.381818181817,0.5883632405127098,,0.10095430558536655,0.29689010205025523,0.14175894643222242,0.16993620473654714,11.0,0.040804640846855866
2023,Schwyz,1560048000.0,,SZ,Schwyz,167403,0.1814304403146897,449.9851351351352,443.1,37,9319.116144871956,5317.200000000001,5399.821621621622,0.570569130949817,,-0.7585045309880174,-0.47424343554065385,-0.8091685947332529,-0.6858922182901173,22.0,-0.050664063745235466
2023,Thurgau,2798368000.0,,TG,Thurgau,295220,0.1799505453560057,474.67096774193544,467.5,31,9478.924192127904,5610.0,5696.051612903226,0.591839314914979,,-0.6316379825520795,-0.5506587551494843,-0.4623430042334385,-0.5650204697516407,19.0,0.169294978318641
2023,Ticino,4459985000.0,,TI,Ticino,357720,0.2246617466174661,573.5043103448276,571.3,58,12467.810019009281,6855.599999999999,6882.051724137931,0.5498640089596714,,1.7411438331109592,1.758032624897834,1.013087171745281,1.564196305305602,1.0,-0.7280566613656783
2023,Uri,329806000.0,,UR,Uri,37931,0.2076138251034773,426.10441176470584,418.85,34,8694.893358993962,5026.200000000001,5113.25294117647,0.5780634439640274,,-1.2540552348431933,0.8777523296556933,-1.1538620607013066,-0.5894646719580556,20.0,0.10019317414188667
2023,Vaud,9055036000.0,,VD,Vaud,845870,0.1580337404092827,589.4681034482759,581.8,58,10704.99722179531,6981.599999999999,7073.61724137931,0.6521813929839705,,0.34170257241491775,-1.6823469503018829,1.1623358889685618,-0.060353955261711445,12.0,0.820633316553644
2023,Valais,3603090000.0,,VS,Valais,365844,0.1937601819354697,468.6301470588235,473.65,68,9848.706005838554,5683.799999999999,5623.5617647058825,0.5771113480928869,,-0.3380799096928616,0.16241063312651605,-0.3749258984312314,-0.19714424403164077,14.0,-0.036845988738369806
2023,Zug,1133793000.0,,ZG,Zug,132556,0.1709164428618848,428.07500000000005,421.0,36,8553.313316635988,5052.0,5136.900000000001,0.590648303526305,,-1.366451147375699,-1.0171403965769739,-1.123301609079397,-1.2008705375620061,26.0,0.24314953829630204
2023,Zürich,15884144000.0,,ZH,Zürich,1605508,0.1633028300076985,509.14814814814815,508.5,108,9893.531517750145,6102.0,6109.777777777777,0.6167666205997628,,-0.3024943551745118,-1.4102741498995126,0.12043770111461087,-0.5290952795197313,18.0,0.42293205628912267
2024,Aargau,7302158000.0,,AG,Aargau,735808,0.1796066365138731,513.6564516129032,512.0,31,9923.99919544229,6144.0,6163.877419354838,0.6191052497083739,,-0.46817537450168334,-0.6907625576059208,-0.3146109789320634,-0.4965604305405496,16.0,0.15356439556961993
2024,Appenzell Innerrhoden,150870000.0,,AI,Appenzell Innerrhoden,16733,0.199545807685412,422.9111111111111,425.1,27,9016.315066037172,5101.200000000001,5074.933333333333,0.5657743726386957,,-1.1343274798192104,0.30498508704735494,-1.4913878116431023,-0.7917987927152138,24.0,-0.35706033182389185
2024,Appenzell Ausserrhoden,572249000.0,,AR,Appenzell Ausserrhoden,56705,0.2027510801516621,498.562962962963,495.8,27,10091.685036592893,5949.6,5982.755555555556,0.5895546658884507,,-0.34511023268012875,0.4650540528675729,-0.533987097343097,-0.14928016318156034,13.0,-0.18887686466296827
2024,Bern,12427433000.0,,BE,Bern,1071216,0.2110321354423384,570.1244444444444,570.45,90,11601.239152514525,6845.400000000001,6841.493333333333,0.5900576576353299,,0.762756061149404,0.8786039055667941,0.4769034729892289,0.7260472674345773,6.0,-0.28585258816017506
2024,Basel-Landschaft,3682671000.0,,BL,Basel-Landschaft,301323,0.2193095117199815,603.7694444444444,605.3499999999999,54,12221.672424607481,7264.199999999999,7245.233333333333,0.5943703731883733,,1.2180939006295735,1.2919700310423041,0.9495100490722567,1.1731107768640634,3.0,-0.2685838515573168
2024,Basel-Stadt,2751648000.0,,BS,Basel-Stadt,201384,0.1856254717355897,684.8148148148148,675.2,27,13663.687283994755,8102.400000000001,8217.777777777777,0.5929878100687298,,2.276392931493487,-0.39018632281562005,1.895400288023537,1.3811709943332675,2.0,-0.3809926434699502
2024,Fribourg,3480730000.0,,FR,Fribourg,346674,0.1603581462699827,547.8731481481482,541.35,54,10040.354915569094,6496.200000000001,6574.477777777778,0.6470090006406702,,-0.3827815624725941,-1.6520181012086457,0.08283896399163085,-0.6471473924773533,21.0,0.4656205264642249
2024,Genève,6208762000.0,,GE,Genève,531102,0.1559210848386938,720.426,691.4,25,11690.338202454519,8296.8,8645.112000000001,0.7097142833949827,,0.8281461211675493,-1.8736017082391296,2.11477640643457,0.33927934366230084,8.0,1.2866302852670208
2024,Glarus,502677000.0,,GL,Glarus,42371,0.203913053739586,486.48833333333334,483.8,30,11863.703948455312,5805.6,5837.860000000001,0.4893581317625434,,0.9553797621964617,0.5230821651381606,-0.6964879257957146,0.41272356108092734,7.0,-1.6518676879921763
2024,Graubünden,2116625000.0,,GR,Graubünden,206138,0.221288651291853,486.39712643678166,481.9,87,10268.000077617906,5782.799999999999,5836.76551724138,0.5631865948857261,,-0.21571209518604795,1.3908068156898088,-0.7222172236340463,0.1396172959647095,11.0,-0.5065051284479983
2024,Jura,918338000.0,,JU,Jura,74840,0.2147514698022448,628.388,602.5,25,12270.684126135757,7230.0,7540.656000000001,0.5892092018407166,,1.2540637353997959,1.064344746883267,0.9109161023147612,1.1113611305735787,4.0,-0.3431476330850347
2024,Luzern,4040832000.0,,LU,Luzern,437944,0.1781255137643169,493.733908045977,492.3,87,9226.823520815447,5907.6,5924.806896551724,0.6402636819348094,,-0.979834693402869,-0.7647287459005538,-0.5813831723084438,-0.8156900288785681,25.0,0.39845152109442517
2024,Neuchâtel,2241958000.0,,NE,Neuchâtel,179518,0.1891843714836395,662.052,657.8,25,12488.764357891689,7893.599999999999,7944.624,0.6320561245125912,,1.4141134716528239,-0.21245746883315847,1.6597740867672401,0.9875573432856333,5.0,0.24566061511441628
2024,Nidwalden,407974000.0,,NW,Nidwalden,45345,0.216539861065167,458.96,447.4,30,8997.111037600618,5368.799999999999,5507.5199999999995,0.5967248795266363,,-1.1484213738944238,1.1536557003052015,-1.189407105435322,-0.4680446845197607,15.0,-0.04098573154089813
2024,Obwalden,361367000.0,,OW,Obwalden,39662,0.2007967323886844,457.65333333333336,457.85,30,9111.16433866169,5494.200000000001,5491.84,0.6030184283567677,,-1.0647173141241586,0.36745535304818355,-1.0478959673245,-0.6308601772725413,20.0,0.01682134679965852
2024,St. Gallen,5245367000.0,,SG,St. Gallen,540036,0.1834766571117481,508.6224137931035,505.9,87,9712.99505958862,6070.799999999999,6103.4689655172415,0.6250183349992479,,-0.6230319427461327,-0.49749655562714956,-0.397215566728811,-0.5289172326061073,18.0,0.22581637601732174
2024,Schaffhausen,924962000.0,,SH,Schaffhausen,88667,0.2081044808102225,543.2620370370371,547.2,54,10431.863038108879,6566.400000000001,6519.144444444445,0.6294561168999376,,-0.09545257694795264,0.7323989716100205,0.16205811786228225,0.21728056132199802,10.0,0.2575106948102349
2024,Solothurn,3138633000.0,,SO,Solothurn,289792,0.1990807199646643,552.9379310344827,548.5,29,10830.640597393993,6582.0,6635.255172413793,0.6077202858696764,,0.19721147000995154,0.28175894597521695,0.17966237427798187,0.21818843886653877,9.0,-0.017549095731969666
2024,Schwyz,1573573000.0,,SZ,Schwyz,168931,0.1856024057159432,479.265625,481.75,32,9314.885959356187,5781.0,5751.1875,0.62061951431551,,-0.9152054056001225,-0.39133822298924953,-0.7242484839897037,-0.710306020414256,23.0,0.19095692161041888
2024,Thurgau,2855352000.0,,TG,Thurgau,299509,0.1833467441712936,512.1537037037037,503.0,27,9533.44306848876,6036.0,6145.844444444445,0.6331395652795172,,-0.7548056876099062,-0.5039843129844965,-0.43648660027152664,-0.5999795033876884,19.0,0.31831908733837955
2024,Ticino,4594047000.0,,TI,Ticino,358903,0.2268133729726416,629.019,626.65,50,12800.246863358623,7519.799999999999,7548.228,0.587473044877425,,1.642711416757764,1.6667073811487467,1.237949019575654,1.5487196067795312,1.0,-0.40476239718211016
2024,Uri,330398000.0,,UR,Uri,38275,0.2116002612671456,451.2133333333333,441.7,30,8632.214239059438,5300.4,5414.5599999999995,0.6140255388955138,,-1.4162202289114676,0.9069756942962053,-1.2665949989503151,-0.6818551444588776,22.0,0.14962522996115246
2024,Vaud,9742470000.0,,VD,Vaud,855106,0.1593720544587454,629.285,621.25,50,11393.289253028279,7455.0,7551.42,0.6543325491379497,,0.6101410061366883,-1.701262806016286,1.1648236467719761,0.05539052264961797,12.0,0.5546826406352878
2024,Valais,3795910000.0,,VS,Valais,371288,0.196049966602745,503.4612903225806,508.2,62,10223.626941888777,6098.4,6041.535483870967,0.596500638634741,,-0.24827767260213912,0.13040533675580127,-0.3660695746087258,-0.1641207452964037,14.0,-0.11779190200658668
2024,Zug,1203002000.0,,ZG,Zug,133739,0.1727469175034956,461.2483870967742,454.7,31,8995.147264447916,5456.4,5534.98064516129,0.6065937376662716,,-1.1498625929018507,-1.0333319146169375,-1.0905524347933127,-1.100075849889242,26.0,0.059310158108538014
2024,Zürich,16631360000.0,,ZH,Zürich,1620020,0.164462784410069,543.5069892473118,537.0,93,10266.144862409106,6444.0,6522.083870967742,0.6276942402786062,,-0.2170736431928076,-1.447035470537469,0.023932413677556656,-0.5258106771786151,17.0,0.24100605687036428
