year,canton,is_66_plus,population,total_population,population_share_66_plus
2011,Aargau,True,91306,618298,0.1476731284914394
2011,Appenzell Ausserrhoden,True,8947,53313,0.16782023146324537
2011,Appenzell Innerrhoden,True,2525,15743,0.1603887442037731
2011,Basel-Landschaft,True,51472,275360,0.18692620569436375
2011,Basel-Stadt,True,36629,186255,0.19666049233577623
2011,Bern,True,176269,985000,0.17895329949238578
2011,Fribourg,True,37444,284714,0.13151443202652485
2011,Genève,True,69411,460534,0.15071851372537098
2011,Glarus,True,6590,39217,0.16803937068108218
2011,Graubünden,True,33199,193388,0.17167042422487436
2011,Jura,True,12228,70542,0.17334354001871224
2011,Luzern,True,58075,381966,0.15204232837477683
2011,Neuchâtel,True,29216,173183,0.16870016110126282
2011,Nidwalden,True,6425,41311,0.15552758345234927
2011,Obwalden,True,5304,35885,0.14780548975895222
2011,Ohne Angabe,True,0,0,
2011,Schaffhausen,True,14209,77139,0.18419995073827766
2011,Schweiz,True,1276385,7954662,0.16045747764015617
2011,Schwyz,True,21161,147904,0.1430725335352661
2011,Solothurn,True,43361,256990,0.1687264095879217
2011,St. Gallen,True,74056,483156,0.15327554661434403
2011,Thurgau,True,36813,251973,0.14609898679620437
2011,Ticino,True,65740,336943,0.19510718430120227
2011,Uri,True,6141,35382,0.17356282855689334
2011,Valais,True,51437,317022,0.1622505693611169
2011,Vaud,True,107228,725944,0.147708363179529
2011,Zug,True,16542,115104,0.1437135112593828
2011,Zürich,True,214657,1392396,0.15416375801137033
2012,Aargau,True,94461,627340,0.15057385149998406
2012,Appenzell Ausserrhoden,True,9079,53438,0.16989782551742205
2012,Appenzell Innerrhoden,True,2582,15717,0.1642807151492015
2012,Basel-Landschaft,True,52872,276537,0.19119322188350926
2012,Basel-Stadt,True,36658,187425,0.19558756836067762
2012,Bern,True,180678,992567,0.18203103669575957
2012,Fribourg,True,39075,291445,0.13407332429789498
2012,Genève,True,71046,463101,0.1534136181955988
2012,Glarus,True,6703,39369,0.17026086514770505
2012,Graubünden,True,34037,193920,0.17552083333333332
2012,Jura,True,12557,70942,0.17700374954187928
2012,Luzern,True,59443,386082,0.15396470179909968
2012,Neuchâtel,True,29785,174554,0.17063487516756992
2012,Nidwalden,True,6671,41584,0.16042227779915352
2012,Obwalden,True,5471,36115,0.15148830125986432
2012,Ohne Angabe,True,0,0,
2012,Schaffhausen,True,14553,77955,0.18668462574562247
2012,Schweiz,True,1310007,8039060,0.16295524601134959
2012,Schwyz,True,21962,149830,0.1465794567176133
2012,Solothurn,True,44352,259283,0.17105633612693466
2012,St. Gallen,True,75902,487060,0.15583706319549953
2012,Thurgau,True,38039,256213,0.14846631513623432
2012,Ticino,True,67702,341652,0.19816070153255358
2012,Uri,True,6273,35693,0.17574874625276665
2012,Valais,True,53320,321732,0.16572799721507342
2012,Vaud,True,109958,734356,0.14973391652005294
2012,Zug,True,17075,116575,0.14647222817928374
2012,Zürich,True,219753,1408575,0.15601086204142484
2013,Aargau,True,97381,636362,0.15302767921403226
2013,Appenzell Ausserrhoden,True,9211,53691,0.1715557542232404
2013,Appenzell Innerrhoden,True,2636,15778,0.16706806946381036
2013,Basel-Landschaft,True,54265,278656,0.19473831534221406
2013,Basel-Stadt,True,36800,189335,0.1943644862281142
2013,Bern,True,184773,1001232,0.18454563977180113
2013,Fribourg,True,40491,297671,0.13602601529876945
2013,Genève,True,72753,469433,0.15498058295859046
2013,Glarus,True,6819,39593,0.17222741393680702
2013,Graubünden,True,35002,194959,0.17953518432080592
2013,Jura,True,12916,71738,0.18004404917895675
2013,Luzern,True,60717,390349,0.1555454221734909
2013,Neuchâtel,True,30354,176402,0.17207287899230167
2013,Nidwalden,True,6988,41888,0.16682582123758594
2013,Obwalden,True,5647,36507,0.15468266359876187
2013,Ohne Angabe,True,0,0,
2013,Schaffhausen,True,14874,78783,0.18879707551121436
2013,Schweiz,True,1343186,8139631,0.16501804565833514
2013,Schwyz,True,22639,151396,0.14953499431953288
2013,Solothurn,True,45347,261437,0.17345287774875018
2013,St. Gallen,True,78037,491699,0.15870888490722984
2013,Thurgau,True,39218,260278,0.1506773526767533
2013,Ticino,True,69429,346539,0.20034974418463722
2013,Uri,True,6364,35865,0.17744318973930015
2013,Valais,True,55247,327011,0.16894538715823015
2013,Vaud,True,113191,749373,0.15104760913456983
2013,Zug,True,17641,118118,0.14935064935064934
2013,Zürich,True,224446,1425538,0.15744652194469738
2014,Aargau,True,100451,645277,0.15567113038276584
2014,Appenzell Ausserrhoden,True,9414,54064,0.17412696063924238
2014,Appenzell Innerrhoden,True,2700,15854,0.1703040242210168
2014,Basel-Landschaft,True,55529,281301,0.19740064912673613
2014,Basel-Stadt,True,36864,190580,0.19343058033371813
2014,Bern,True,189231,1009370,0.18747436519809385
2014,Fribourg,True,41916,303425,0.1381428689132405
2014,Genève,True,74438,477385,0.15592865297401468
2014,Glarus,True,6987,39794,0.17557923305020856
2014,Graubünden,True,36025,195886,0.18390798729873498
2014,Jura,True,13292,72410,0.1835658058279243
2014,Luzern,True,62288,394604,0.1578493882474582
2014,Neuchâtel,True,30771,177327,0.17352687408008932
2014,Nidwalden,True,7280,42080,0.17300380228136883
2014,Obwalden,True,5849,36834,0.1587935059998914
2014,Ohne Angabe,True,0,0,
2014,Schaffhausen,True,15150,79417,0.1907652014052407
2014,Schweiz,True,1377483,8237666,0.16721763179036392
2014,Schwyz,True,23447,152759,0.15349013806060527
2014,Solothurn,True,46469,263719,0.176206492516656
2014,St. Gallen,True,80091,495824,0.1615311078124496
2014,Thurgau,True,40449,263733,0.1533710229664092
2014,Ticino,True,71380,350363,0.20373155841227528
2014,Uri,True,6499,36008,0.1804876694067985
2014,Valais,True,57341,331763,0.17283723621983163
2014,Vaud,True,116224,761446,0.15263590589483692
2014,Zug,True,18202,120089,0.1515709182356419
2014,Zürich,True,229196,1446354,0.1584646635609263
2015,Aargau,True,103228,653675,0.15791945538685126
2015,Appenzell Ausserrhoden,True,9602,54543,0.17604458867315695
2015,Appenzell Innerrhoden,True,2745,15974,0.17184174283210216
2015,Basel-Landschaft,True,56698,283231,0.20018288958482652
2015,Basel-Stadt,True,36818,191817,0.19194336268422507
2015,Bern,True,192830,1017434,0.18952580707937813
2015,Fribourg,True,43111,307510,0.14019381483528992
2015,Genève,True,75506,484736,0.15576726300501717
2015,Glarus,True,7171,40028,0.17914959528330168
2015,Graubünden,True,36998,196610,0.18817964498245257
2015,Jura,True,13661,72782,0.1876975076255118
2015,Luzern,True,63577,398762,0.15943595427849194
2015,Neuchâtel,True,31148,178107,0.17488363736405643
2015,Nidwalden,True,7513,42420,0.17710985384252712
2015,Obwalden,True,6052,37076,0.1632322796418168
2015,Ohne Angabe,True,0,0,
2015,Schaffhausen,True,15424,79836,0.19319605190640815
2015,Schweiz,True,1405971,8327126,0.1688422872429215
2015,Schwyz,True,24180,154093,0.1569182247084553
2015,Solothurn,True,47354,266418,0.1777432455765001
2015,St. Gallen,True,81825,499065,0.1639565988398305
2015,Thurgau,True,41779,267429,0.15622464280238868
2015,Ticino,True,72624,351946,0.20634983775920168
2015,Uri,True,6582,35973,0.18297056125427405
2015,Valais,True,59011,335696,0.17578702159096327
2015,Vaud,True,118622,773407,0.15337590686404443
2015,Zug,True,18740,122134,0.153438027085005
2015,Zürich,True,233172,1466424,0.1590072175578141
2016,Aargau,True,106238,663462,0.1601267291872029
2016,Appenzell Ausserrhoden,True,9779,54954,0.17794882993048733
2016,Appenzell Innerrhoden,True,2790,16003,0.17434231081672186
2016,Basel-Landschaft,True,57927,285624,0.20280858751365433
2016,Basel-Stadt,True,36904,193070,0.19114310871704562
2016,Bern,True,196764,1026464,0.19169108707173363
2016,Fribourg,True,44497,311963,0.1426355048515369
2016,Genève,True,76566,489524,0.15640908310930618
2016,Glarus,True,7307,40147,0.18200612748150546
2016,Graubünden,True,38098,197550,0.19285244241964059
2016,Jura,True,13911,73122,0.19024370230573562
2016,Luzern,True,65211,403397,0.16165464790268644
2016,Neuchâtel,True,31511,178567,0.17646597635621364
2016,Nidwalden,True,7793,42556,0.18312341385468558
2016,Obwalden,True,6263,37378,0.1675584568462732
2016,Ohne Angabe,True,0,0,
2016,Schaffhausen,True,15771,80769,0.19526055788730826
2016,Schweiz,True,1436914,8419550,0.17066399035577912
2016,Schwyz,True,25004,155863,0.16042293552671255
2016,Solothurn,True,48467,269441,0.17987982526786941
2016,St. Gallen,True,83735,502552,0.16661957369585634
2016,Thurgau,True,43094,270709,0.15918938786667602
2016,Ticino,True,73967,354375,0.2087252204585538
2016,Uri,True,6693,36145,0.18517083967353715
2016,Valais,True,60754,339176,0.17912234356204448
2016,Vaud,True,121030,784822,0.1542133120631175
2016,Zug,True,19279,123948,0.1555410333365605
2016,Zürich,True,237561,1487969,0.15965453581358213
2017,Aargau,True,109051,670988,0.16252302574710725
2017,Appenzell Ausserrhoden,True,9912,55178,0.179636811772808
2017,Appenzell Innerrhoden,True,2868,16105,0.1780813411983856
2017,Basel-Landschaft,True,58843,287023,0.20501144507583016
2017,Basel-Stadt,True,36729,193908,0.1894145677331518
2017,Bern,True,200152,1031080,0.19411878806688132
2017,Fribourg,True,45788,315120,0.1453033764914953
2017,Genève,True,77024,495249,0.15552580621061324
2017,Glarus,True,7464,40349,0.18498599717465117
2017,Graubünden,True,38885,197888,0.19650004042690816
2017,Jura,True,14180,73290,0.1934779642516032
2017,Luzern,True,66522,406506,0.16364334105769657
2017,Neuchâtel,True,31695,177964,0.1780978175361309
2017,Nidwalden,True,7980,42969,0.18571528311108007
2017,Obwalden,True,6466,37575,0.17208250166334
2017,Ohne Angabe,True,0,0,
2017,Schaffhausen,True,16111,81351,0.19804304802645328
2017,Schweiz,True,1461586,8484130,0.17227293782627093
2017,Schwyz,True,25759,157301,0.16375611089567135
2017,Solothurn,True,49374,271432,0.18190191281794335
2017,St. Gallen,True,85382,504686,0.1691784594777743
2017,Thurgau,True,44270,273801,0.1616867725099616
2017,Ticino,True,74941,353709,0.21187190600182637
2017,Uri,True,6809,36299,0.18758092509435523
2017,Valais,True,62182,341463,0.1821046496985032
2017,Vaud,True,122631,793129,0.15461671430498697
2017,Zug,True,19691,125421,0.15699922660479504
2017,Zürich,True,240877,1504346,0.1601207434991684
2018,Aargau,True,112311,678207,0.16559988322149433
2018,Appenzell Ausserrhoden,True,10165,55234,0.1840351957127856
2018,Appenzell Innerrhoden,True,2896,16145,0.1793744193248684
2018,Basel-Landschaft,True,59929,288132,0.20799147612899643
2018,Basel-Stadt,True,36752,194766,0.18869823275109618
2018,Bern,True,203466,1034931,0.1965986138206315
2018,Fribourg,True,47189,318760,0.1480392771991467
2018,Genève,True,77638,499480,0.15543765516136782
2018,Glarus,True,7644,40403,0.18919387174219737
2018,Graubünden,True,39839,198379,0.2008226677218859
2018,Jura,True,14522,73419,0.19779621079012244
2018,Luzern,True,67956,409557,0.16592562207458303
2018,Neuchâtel,True,31894,176850,0.18034492507774952
2018,Nidwalden,True,8223,43223,0.19024593387779654
2018,Obwalden,True,6663,37841,0.17607885626701197
2018,Ohne Angabe,True,0,0,
2018,Schaffhausen,True,16425,81991,0.2003268651437353
2018,Schweiz,True,1488757,8544527,0.1742351566096052
2018,Schwyz,True,26453,159165,0.16619859893820876
2018,Solothurn,True,50219,273194,0.1838217530399643
2018,St. Gallen,True,87313,507697,0.17197856201632075
2018,Thurgau,True,45536,276472,0.1647038398101797
2018,Ticino,True,75866,353343,0.21470922021944683
2018,Uri,True,6993,36433,0.19194137183322812
2018,Valais,True,63696,343955,0.1851870157433385
2018,Vaud,True,124243,799145,0.15546990846467162
2018,Zug,True,20221,126837,0.15942508889361937
2018,Zürich,True,244705,1520968,0.16088767153549582
2019,Aargau,True,115324,685845,0.16814877997215114
2019,Appenzell Ausserrhoden,True,10398,55445,0.18753719902606186
2019,Appenzell Innerrhoden,True,2977,16128,0.1845858134920635
2019,Basel-Landschaft,True,60932,289468,0.21049649702212334
2019,Basel-Stadt,True,36784,195844,0.18782296113232982
2019,Bern,True,206864,1039426,0.19901753467779332
2019,Fribourg,True,48361,321831,0.15026830852217468
2019,Genève,True,78371,504128,0.15545853434048496
2019,Glarus,True,7752,40590,0.1909830007390983
2019,Graubünden,True,40732,199021,0.20466181960697616
2019,Jura,True,14753,73584,0.2004919547727767
2019,Luzern,True,69394,413120,0.1679754066615027
2019,Neuchâtel,True,32201,176496,0.18244606110053485
2019,Nidwalden,True,8457,43087,0.1962772994174577
2019,Obwalden,True,6849,37930,0.18056947007645663
2019,Ohne Angabe,True,0,0,
2019,Schaffhausen,True,16661,82348,0.2023242823140817
2019,Schweiz,True,1514990,8606033,0.17603813510824326
2019,Schwyz,True,27296,160480,0.17008973080757728
2019,Solothurn,True,51315,275247,0.18643254967356593
2019,St. Gallen,True,89025,510734,0.17430795678376612
2019,Thurgau,True,46942,279547,0.16792167327855423
2019,Ticino,True,76667,351491,0.21811938285759805
2019,Uri,True,7179,36703,0.19559709015611804
2019,Valais,True,64890,345525,0.18780117212936837
2019,Vaud,True,126156,805098,0.15669645186051884
2019,Zug,True,20721,127642,0.16233684837279266
2019,Zürich,True,247989,1539275,0.1611076643224895
2020,Aargau,True,118173,694072,0.17026043407600364
2020,Appenzell Ausserrhoden,True,10535,55309,0.19047532951237592
2020,Appenzell Innerrhoden,True,3048,16293,0.18707420364573743
2020,Basel-Landschaft,True,61637,290969,0.2118335630256144
2020,Basel-Stadt,True,36740,196735,0.18674867207156837
2020,Bern,True,209942,1043081,0.2012710422297022
2020,Fribourg,True,49365,325547,0.1516370908040928
2020,Genève,True,78438,506343,0.1549108015712669
2020,Glarus,True,7896,40851,0.19328780201219065
2020,Graubünden,True,41575,200096,0.20777526787142173
2020,Jura,True,14908,73709,0.2022548128451071
2020,Luzern,True,70847,416347,0.17016334932159954
2020,Neuchâtel,True,32313,175894,0.18370723276518813
2020,Nidwalden,True,8734,43520,0.2006893382352941
2020,Obwalden,True,7024,38108,0.18431825338511598
2020,Ohne Angabe,True,0,0,
2020,Schaffhausen,True,16950,83107,0.20395393889804708
2020,Schweiz,True,1536598,8670300,0.1772254708602932
2020,Schwyz,True,27968,162157,0.17247482378189039
2020,Solothurn,True,52330,277462,0.18860240321197136
2020,St. Gallen,True,90352,514504,0.1756099077946916
2020,Thurgau,True,48324,282909,0.17081110887246428
2020,Ticino,True,76898,350986,0.21909135976933553
2020,Uri,True,7329,36819,0.19905483581846328
2020,Valais,True,65984,348503,0.18933552939286033
2020,Vaud,True,127172,814762,0.15608484440855122
2020,Zug,True,21226,128794,0.16480581393543178
2020,Zürich,True,250890,1553423,0.16150784428967513
2021,Aargau,True,121439,703086,0.17272282480379356
2021,Appenzell Ausserrhoden,True,10746,55585,0.19332553746514347
2021,Appenzell Innerrhoden,True,3144,16360,0.1921760391198044
2021,Basel-Landschaft,True,62748,292817,0.21429083693911213
2021,Basel-Stadt,True,36663,196036,0.18702177151135504
2021,Bern,True,213560,1047422,0.20389107733081796
2021,Fribourg,True,50776,329860,0.1539319711392712
2021,Genève,True,79503,509448,0.15605714420313752
2021,Glarus,True,8052,41190,0.1954843408594319
2021,Graubünden,True,42502,201376,0.21105792150007946
2021,Jura,True,15168,73798,0.20553402531233908
2021,Luzern,True,72349,420326,0.1721259213086985
2021,Neuchâtel,True,32691,176166,0.1855692925990259
2021,Nidwalden,True,8949,43894,0.20387752312388938
2021,Obwalden,True,7221,38435,0.18787563418758943
2021,Ohne Angabe,True,0,0,
2021,Schaffhausen,True,17240,83995,0.2052503125186023
2021,Schweiz,True,1565012,8738791,0.17908793104217735
2021,Schwyz,True,28629,163689,0.1748987409050089
2021,Solothurn,True,53525,280245,0.1909935948901854
2021,St. Gallen,True,91994,519245,0.17716877389286367
2021,Thurgau,True,49820,285964,0.17421773370074556
2021,Ticino,True,78152,352181,0.22190862085121002
2021,Uri,True,7471,37047,0.20166275271951845
2021,Valais,True,67676,353209,0.19160327171731184
2021,Vaud,True,129182,822968,0.15697086642494
2021,Zug,True,21610,129787,0.16650357894088005
2021,Zürich,True,254202,1564662,0.1624644811467269
2022,Aargau,True,124702,711232,0.17533238099523082
2022,Appenzell Ausserrhoden,True,10889,55759,0.19528685952043617
2022,Appenzell Innerrhoden,True,3170,16416,0.19310428849902533
2022,Basel-Landschaft,True,63656,294417,0.21621034111481335
2022,Basel-Stadt,True,36810,196786,0.18705598975536877
2022,Bern,True,217336,1051437,0.20670377778221616
2022,Fribourg,True,52090,334465,0.15574125842763817
2022,Genève,True,80204,514114,0.15600431032805953
2022,Glarus,True,8214,41471,0.1980661184924405
2022,Graubünden,True,43318,202538,0.21387591464317807
2022,Jura,True,15401,73865,0.20850199688621132
2022,Luzern,True,73854,424851,0.1738350621747389
2022,Neuchâtel,True,33046,176571,0.1871541759405565
2022,Nidwalden,True,9211,44420,0.20736154885186853
2022,Obwalden,True,7410,38700,0.19147286821705425
2022,Ohne Angabe,True,0,0,
2022,Schaffhausen,True,17639,85214,0.20699650292205507
2022,Schweiz,True,1593142,8815385,0.18072290660022222
2022,Schwyz,True,29323,164920,0.1778013582342954
2022,Solothurn,True,54882,282408,0.19433585450837088
2022,St. Gallen,True,94287,525967,0.1792640983179553
2022,Thurgau,True,51426,289650,0.17754531330916623
2022,Ticino,True,79167,354023,0.22362106416814725
2022,Uri,True,7672,37317,0.20558994560120053
2022,Valais,True,68986,357282,0.193085573860424
2022,Vaud,True,130813,830431,0.15752422537212604
2022,Zug,True,22065,131164,0.16822451282364062
2022,Zürich,True,257571,1579967,0.16302302516444964
2023,Aargau,True,128443,726894,0.17670114211975887
2023,Appenzell Ausserrhoden,True,11201,56495,0.1982653332153288
2023,Appenzell Innerrhoden,True,3225,16585,0.19445281881217968
2023,Basel-Landschaft,True,64869,298837,0.21707151390222765
2023,Basel-Stadt,True,37165,200031,0.18579620158875373
2023,Bern,True,221633,1063533,0.2083931575230858
2023,Fribourg,True,53886,341537,0.15777499948761042
2023,Genève,True,81591,524410,0.15558627791232052
2023,Glarus,True,8418,42056,0.2001616891763363
2023,Graubünden,True,44515,204888,0.21726504236460895
2023,Jura,True,15757,74548,0.21136717282824488
2023,Luzern,True,75906,432744,0.17540624480062114
2023,Neuchâtel,True,33500,178291,0.18789507041858536
2023,Nidwalden,True,9474,45016,0.2104585036431491
2023,Obwalden,True,7682,39272,0.1956101038908128
2023,Ohne Angabe,True,0,0,
2023,Schaffhausen,True,18032,87111,0.207000264030949
2023,Schweiz,True,1629483,8962258,0.18181612267801261
2023,Schwyz,True,30372,167403,0.1814304403146897
2023,Solothurn,True,56326,286844,0.1963645744725356
2023,St. Gallen,True,96720,535114,0.180746532514567
2023,Thurgau,True,53125,295220,0.1799505453560057
2023,Ticino,True,80366,357720,0.22466174661746618
2023,Uri,True,7875,37931,0.20761382510347737
2023,Valais,True,70886,365844,0.19376018193546976
2023,Vaud,True,133676,845870,0.15803374040928275
2023,Zug,True,22656,132556,0.1709164428618848
2023,Zürich,True,262184,1605508,0.1633028300076985
2024,Aargau,True,132156,735808,0.17960663651387318
2024,Appenzell Ausserrhoden,True,11497,56705,0.2027510801516621
2024,Appenzell Innerrhoden,True,3339,16733,0.19954580768541205
2024,Basel-Landschaft,True,66083,301323,0.21930951171998156
2024,Basel-Stadt,True,37382,201384,0.18562547173558971
2024,Bern,True,226061,1071216,0.21103213544233843
2024,Fribourg,True,55592,346674,0.16035814626998274
2024,Genève,True,82810,531102,0.15592108483869388
2024,Glarus,True,8640,42371,0.20391305373958604
2024,Graubünden,True,45616,206138,0.22128865129185302
2024,Jura,True,16072,74840,0.2147514698022448
2024,Luzern,True,78009,437944,0.1781255137643169
2024,Neuchâtel,True,33962,179518,0.18918437148363954
2024,Nidwalden,True,9819,45345,0.21653986106516707
2024,Obwalden,True,7964,39662,0.2007967323886844
2024,Ohne Angabe,True,0,0,
2024,Schaffhausen,True,18452,88667,0.2081044808102225
2024,Schweiz,True,1664608,9051029,0.1839136743457567
2024,Schwyz,True,31354,168931,0.1856024057159432
2024,Solothurn,True,57692,289792,0.1990807199646643
2024,St. Gallen,True,99084,540036,0.1834766571117481
2024,Thurgau,True,54914,299509,0.18334674417129368
2024,Ticino,True,81404,358903,0.22681337297264162
2024,Uri,True,8099,38275,0.21160026126714565
2024,Valais,True,72791,371288,0.19604996660274504
2024,Vaud,True,136280,855106,0.15937205445874547
2024,Zug,True,23103,133739,0.1727469175034956
2024,Zürich,True,266433,1620020,0.164462784410069
